#,このファイルは毎木データのエラーチェックに使う各調査区のmesh_xcord/mesh_ycordの組み合わせのリストです。,
plotid,mesh_xcord,mesh_ycord
AI-BC1,0,0
AI-BC1,0,10
AI-BC1,0,20
AI-BC1,0,30
AI-BC1,0,40
AI-BC1,0,50
AI-BC1,0,60
AI-BC1,0,70
AI-BC1,0,80
AI-BC1,0,90
AI-BC1,10,0
AI-BC1,10,10
AI-BC1,10,20
AI-BC1,10,30
AI-BC1,10,40
AI-BC1,10,50
AI-BC1,10,60
AI-BC1,10,70
AI-BC1,10,80
AI-BC1,10,90
AI-BC1,20,0
AI-BC1,20,10
AI-BC1,20,20
AI-BC1,20,30
AI-BC1,20,40
AI-BC1,20,50
AI-BC1,20,60
AI-BC1,20,70
AI-BC1,20,80
AI-BC1,20,90
AI-BC1,30,0
AI-BC1,30,10
AI-BC1,30,20
AI-BC1,30,30
AI-BC1,30,40
AI-BC1,30,50
AI-BC1,30,60
AI-BC1,30,70
AI-BC1,30,80
AI-BC1,30,90
AI-BC1,40,0
AI-BC1,40,10
AI-BC1,40,20
AI-BC1,40,30
AI-BC1,40,40
AI-BC1,40,50
AI-BC1,40,60
AI-BC1,40,70
AI-BC1,40,80
AI-BC1,40,90
AI-BC1,50,0
AI-BC1,50,10
AI-BC1,50,20
AI-BC1,50,30
AI-BC1,50,40
AI-BC1,50,50
AI-BC1,50,60
AI-BC1,50,70
AI-BC1,50,80
AI-BC1,50,90
AI-BC1,60,0
AI-BC1,60,10
AI-BC1,60,20
AI-BC1,60,30
AI-BC1,60,40
AI-BC1,60,50
AI-BC1,60,60
AI-BC1,60,70
AI-BC1,60,80
AI-BC1,60,90
AI-BC1,70,0
AI-BC1,70,10
AI-BC1,70,20
AI-BC1,70,30
AI-BC1,70,40
AI-BC1,70,50
AI-BC1,70,60
AI-BC1,70,70
AI-BC1,70,80
AI-BC1,70,90
AI-BC1,80,0
AI-BC1,80,10
AI-BC1,80,20
AI-BC1,80,30
AI-BC1,80,40
AI-BC1,80,50
AI-BC1,80,60
AI-BC1,80,70
AI-BC1,80,80
AI-BC1,80,90
AI-BC1,90,0
AI-BC1,90,10
AI-BC1,90,20
AI-BC1,90,30
AI-BC1,90,40
AI-BC1,90,50
AI-BC1,90,60
AI-BC1,90,70
AI-BC1,90,80
AI-BC1,90,90
AM-EB1,0,0
AM-EB1,0,10
AM-EB1,0,20
AM-EB1,0,30
AM-EB1,0,40
AM-EB1,0,50
AM-EB1,0,60
AM-EB1,0,70
AM-EB1,0,80
AM-EB1,0,90
AM-EB1,10,0
AM-EB1,10,10
AM-EB1,10,20
AM-EB1,10,30
AM-EB1,10,40
AM-EB1,10,50
AM-EB1,10,60
AM-EB1,10,70
AM-EB1,10,80
AM-EB1,10,90
AM-EB1,20,0
AM-EB1,20,10
AM-EB1,20,20
AM-EB1,20,30
AM-EB1,20,40
AM-EB1,20,50
AM-EB1,20,60
AM-EB1,20,70
AM-EB1,20,80
AM-EB1,20,90
AM-EB1,30,0
AM-EB1,30,10
AM-EB1,30,20
AM-EB1,30,30
AM-EB1,30,40
AM-EB1,30,50
AM-EB1,30,60
AM-EB1,30,70
AM-EB1,30,80
AM-EB1,30,90
AM-EB1,40,0
AM-EB1,40,10
AM-EB1,40,20
AM-EB1,40,30
AM-EB1,40,40
AM-EB1,40,50
AM-EB1,40,60
AM-EB1,40,70
AM-EB1,40,80
AM-EB1,40,90
AM-EB1,50,0
AM-EB1,50,10
AM-EB1,50,20
AM-EB1,50,30
AM-EB1,50,40
AM-EB1,50,50
AM-EB1,50,60
AM-EB1,50,70
AM-EB1,50,80
AM-EB1,50,90
AM-EB1,60,0
AM-EB1,60,10
AM-EB1,60,20
AM-EB1,60,30
AM-EB1,60,40
AM-EB1,60,50
AM-EB1,60,60
AM-EB1,60,70
AM-EB1,60,80
AM-EB1,60,90
AM-EB1,70,0
AM-EB1,70,10
AM-EB1,70,20
AM-EB1,70,30
AM-EB1,70,40
AM-EB1,70,50
AM-EB1,70,60
AM-EB1,70,70
AM-EB1,70,80
AM-EB1,70,90
AM-EB1,80,0
AM-EB1,80,10
AM-EB1,80,20
AM-EB1,80,30
AM-EB1,80,40
AM-EB1,80,50
AM-EB1,80,60
AM-EB1,80,70
AM-EB1,80,80
AM-EB1,80,90
AM-EB1,90,0
AM-EB1,90,10
AM-EB1,90,20
AM-EB1,90,30
AM-EB1,90,40
AM-EB1,90,50
AM-EB1,90,60
AM-EB1,90,70
AM-EB1,90,80
AM-EB1,90,90
AO-BC1,0,0
AO-BC1,0,10
AO-BC1,0,20
AO-BC1,0,30
AO-BC1,0,40
AO-BC1,0,50
AO-BC1,0,60
AO-BC1,0,70
AO-BC1,0,80
AO-BC1,0,90
AO-BC1,10,0
AO-BC1,10,10
AO-BC1,10,20
AO-BC1,10,30
AO-BC1,10,40
AO-BC1,10,50
AO-BC1,10,60
AO-BC1,10,70
AO-BC1,10,80
AO-BC1,10,90
AO-BC1,20,0
AO-BC1,20,10
AO-BC1,20,20
AO-BC1,20,30
AO-BC1,20,40
AO-BC1,20,50
AO-BC1,20,60
AO-BC1,20,70
AO-BC1,20,80
AO-BC1,20,90
AO-BC1,30,0
AO-BC1,30,10
AO-BC1,30,20
AO-BC1,30,30
AO-BC1,30,40
AO-BC1,30,50
AO-BC1,30,60
AO-BC1,30,70
AO-BC1,30,80
AO-BC1,30,90
AO-BC1,40,0
AO-BC1,40,10
AO-BC1,40,20
AO-BC1,40,30
AO-BC1,40,40
AO-BC1,40,50
AO-BC1,40,60
AO-BC1,40,70
AO-BC1,40,80
AO-BC1,40,90
AO-BC1,50,0
AO-BC1,50,10
AO-BC1,50,20
AO-BC1,50,30
AO-BC1,50,40
AO-BC1,50,50
AO-BC1,50,60
AO-BC1,50,70
AO-BC1,50,80
AO-BC1,50,90
AO-BC1,60,0
AO-BC1,60,10
AO-BC1,60,20
AO-BC1,60,30
AO-BC1,60,40
AO-BC1,60,50
AO-BC1,60,60
AO-BC1,60,70
AO-BC1,60,80
AO-BC1,60,90
AO-BC1,70,0
AO-BC1,70,10
AO-BC1,70,20
AO-BC1,70,30
AO-BC1,70,40
AO-BC1,70,50
AO-BC1,70,60
AO-BC1,70,70
AO-BC1,70,80
AO-BC1,70,90
AO-BC1,80,0
AO-BC1,80,10
AO-BC1,80,20
AO-BC1,80,30
AO-BC1,80,40
AO-BC1,80,50
AO-BC1,80,60
AO-BC1,80,70
AO-BC1,80,80
AO-BC1,80,90
AO-BC1,90,0
AO-BC1,90,10
AO-BC1,90,20
AO-BC1,90,30
AO-BC1,90,40
AO-BC1,90,50
AO-BC1,90,60
AO-BC1,90,70
AO-BC1,90,80
AO-BC1,90,90
AS-DB1,0,0
AS-DB1,0,10
AS-DB1,0,20
AS-DB1,0,30
AS-DB1,0,40
AS-DB1,0,50
AS-DB1,0,60
AS-DB1,0,70
AS-DB1,0,80
AS-DB1,0,90
AS-DB1,10,0
AS-DB1,10,10
AS-DB1,10,20
AS-DB1,10,30
AS-DB1,10,40
AS-DB1,10,50
AS-DB1,10,60
AS-DB1,10,70
AS-DB1,10,80
AS-DB1,10,90
AS-DB1,20,0
AS-DB1,20,10
AS-DB1,20,20
AS-DB1,20,30
AS-DB1,20,40
AS-DB1,20,50
AS-DB1,20,60
AS-DB1,20,70
AS-DB1,20,80
AS-DB1,20,90
AS-DB1,30,0
AS-DB1,30,10
AS-DB1,30,20
AS-DB1,30,30
AS-DB1,30,40
AS-DB1,30,50
AS-DB1,30,60
AS-DB1,30,70
AS-DB1,30,80
AS-DB1,30,90
AS-DB1,40,0
AS-DB1,40,10
AS-DB1,40,20
AS-DB1,40,30
AS-DB1,40,40
AS-DB1,40,50
AS-DB1,40,60
AS-DB1,40,70
AS-DB1,40,80
AS-DB1,40,90
AS-DB1,50,0
AS-DB1,50,10
AS-DB1,50,20
AS-DB1,50,30
AS-DB1,50,40
AS-DB1,50,50
AS-DB1,50,60
AS-DB1,50,70
AS-DB1,50,80
AS-DB1,50,90
AS-DB1,60,0
AS-DB1,60,10
AS-DB1,60,20
AS-DB1,60,30
AS-DB1,60,40
AS-DB1,60,50
AS-DB1,60,60
AS-DB1,60,70
AS-DB1,60,80
AS-DB1,60,90
AS-DB1,70,0
AS-DB1,70,10
AS-DB1,70,20
AS-DB1,70,30
AS-DB1,70,40
AS-DB1,70,50
AS-DB1,70,60
AS-DB1,70,70
AS-DB1,70,80
AS-DB1,70,90
AS-DB1,80,0
AS-DB1,80,10
AS-DB1,80,20
AS-DB1,80,30
AS-DB1,80,40
AS-DB1,80,50
AS-DB1,80,60
AS-DB1,80,70
AS-DB1,80,80
AS-DB1,80,90
AS-DB1,90,0
AS-DB1,90,10
AS-DB1,90,20
AS-DB1,90,30
AS-DB1,90,40
AS-DB1,90,50
AS-DB1,90,60
AS-DB1,90,70
AS-DB1,90,80
AS-DB1,90,90
AS-DB2,0,0
AS-DB2,0,10
AS-DB2,0,20
AS-DB2,0,30
AS-DB2,0,40
AS-DB2,0,50
AS-DB2,0,60
AS-DB2,0,70
AS-DB2,0,80
AS-DB2,0,90
AS-DB2,10,0
AS-DB2,10,10
AS-DB2,10,20
AS-DB2,10,30
AS-DB2,10,40
AS-DB2,10,50
AS-DB2,10,60
AS-DB2,10,70
AS-DB2,10,80
AS-DB2,10,90
AS-DB2,20,0
AS-DB2,20,10
AS-DB2,20,20
AS-DB2,20,30
AS-DB2,20,40
AS-DB2,20,50
AS-DB2,20,60
AS-DB2,20,70
AS-DB2,20,80
AS-DB2,20,90
AS-DB2,30,0
AS-DB2,30,10
AS-DB2,30,20
AS-DB2,30,30
AS-DB2,30,40
AS-DB2,30,50
AS-DB2,30,60
AS-DB2,30,70
AS-DB2,30,80
AS-DB2,30,90
AS-DB2,40,0
AS-DB2,40,10
AS-DB2,40,20
AS-DB2,40,30
AS-DB2,40,40
AS-DB2,40,50
AS-DB2,40,60
AS-DB2,40,70
AS-DB2,40,80
AS-DB2,40,90
AS-DB2,50,0
AS-DB2,50,10
AS-DB2,50,20
AS-DB2,50,30
AS-DB2,50,40
AS-DB2,50,50
AS-DB2,50,60
AS-DB2,50,70
AS-DB2,50,80
AS-DB2,50,90
AS-DB2,60,0
AS-DB2,60,10
AS-DB2,60,20
AS-DB2,60,30
AS-DB2,60,40
AS-DB2,60,50
AS-DB2,60,60
AS-DB2,60,70
AS-DB2,60,80
AS-DB2,60,90
AS-DB2,70,0
AS-DB2,70,10
AS-DB2,70,20
AS-DB2,70,30
AS-DB2,70,40
AS-DB2,70,50
AS-DB2,70,60
AS-DB2,70,70
AS-DB2,70,80
AS-DB2,70,90
AS-DB2,80,0
AS-DB2,80,10
AS-DB2,80,20
AS-DB2,80,30
AS-DB2,80,40
AS-DB2,80,50
AS-DB2,80,60
AS-DB2,80,70
AS-DB2,80,80
AS-DB2,80,90
AS-DB2,90,0
AS-DB2,90,10
AS-DB2,90,20
AS-DB2,90,30
AS-DB2,90,40
AS-DB2,90,50
AS-DB2,90,60
AS-DB2,90,70
AS-DB2,90,80
AS-DB2,90,90
AS-DB3,0,0
AS-DB3,0,10
AS-DB3,0,20
AS-DB3,0,30
AS-DB3,0,40
AS-DB3,0,50
AS-DB3,10,0
AS-DB3,10,10
AS-DB3,10,20
AS-DB3,10,30
AS-DB3,10,40
AS-DB3,10,50
AS-DB3,20,0
AS-DB3,20,10
AS-DB3,20,20
AS-DB3,20,30
AS-DB3,20,40
AS-DB3,20,50
AS-DB3,30,0
AS-DB3,30,10
AS-DB3,30,20
AS-DB3,30,30
AS-DB3,30,40
AS-DB3,30,50
AS-DB3,40,0
AS-DB3,40,10
AS-DB3,40,20
AS-DB3,40,30
AS-DB3,40,40
AS-DB3,40,50
AS-DB3,50,0
AS-DB3,50,10
AS-DB3,50,20
AS-DB3,50,30
AS-DB3,50,40
AS-DB3,50,50
AS-DB3,60,0
AS-DB3,60,10
AS-DB3,60,20
AS-DB3,60,30
AS-DB3,60,40
AS-DB3,60,50
AS-DB3,70,0
AS-DB3,70,10
AS-DB3,70,20
AS-DB3,70,30
AS-DB3,70,40
AS-DB3,70,50
AS-DB3,80,0
AS-DB3,80,10
AS-DB3,80,20
AS-DB3,80,30
AS-DB3,80,40
AS-DB3,80,50
AS-DB3,90,0
AS-DB3,90,10
AS-DB3,90,20
AS-DB3,90,30
AS-DB3,90,40
AS-DB3,90,50
AU-DB1,0,0
AU-DB1,0,10
AU-DB1,0,20
AU-DB1,0,30
AU-DB1,0,40
AU-DB1,0,50
AU-DB1,0,60
AU-DB1,0,70
AU-DB1,0,80
AU-DB1,0,90
AU-DB1,10,0
AU-DB1,10,10
AU-DB1,10,20
AU-DB1,10,30
AU-DB1,10,40
AU-DB1,10,50
AU-DB1,10,60
AU-DB1,10,70
AU-DB1,10,80
AU-DB1,10,90
AU-DB1,20,0
AU-DB1,20,10
AU-DB1,20,20
AU-DB1,20,30
AU-DB1,20,40
AU-DB1,20,50
AU-DB1,20,60
AU-DB1,20,70
AU-DB1,20,80
AU-DB1,20,90
AU-DB1,30,0
AU-DB1,30,10
AU-DB1,30,20
AU-DB1,30,30
AU-DB1,30,40
AU-DB1,30,50
AU-DB1,30,60
AU-DB1,30,70
AU-DB1,30,80
AU-DB1,30,90
AU-DB1,40,0
AU-DB1,40,10
AU-DB1,40,20
AU-DB1,40,30
AU-DB1,40,40
AU-DB1,40,50
AU-DB1,40,60
AU-DB1,40,70
AU-DB1,40,80
AU-DB1,40,90
AU-DB1,50,0
AU-DB1,50,10
AU-DB1,50,20
AU-DB1,50,30
AU-DB1,50,40
AU-DB1,50,50
AU-DB1,50,60
AU-DB1,50,70
AU-DB1,50,80
AU-DB1,50,90
AU-DB1,60,0
AU-DB1,60,10
AU-DB1,60,20
AU-DB1,60,30
AU-DB1,60,40
AU-DB1,60,50
AU-DB1,60,60
AU-DB1,60,70
AU-DB1,60,80
AU-DB1,60,90
AU-DB1,70,0
AU-DB1,70,10
AU-DB1,70,20
AU-DB1,70,30
AU-DB1,70,40
AU-DB1,70,50
AU-DB1,70,60
AU-DB1,70,70
AU-DB1,70,80
AU-DB1,70,90
AU-DB1,80,0
AU-DB1,80,10
AU-DB1,80,20
AU-DB1,80,30
AU-DB1,80,40
AU-DB1,80,50
AU-DB1,80,60
AU-DB1,80,70
AU-DB1,80,80
AU-DB1,80,90
AU-DB1,90,0
AU-DB1,90,10
AU-DB1,90,20
AU-DB1,90,30
AU-DB1,90,40
AU-DB1,90,50
AU-DB1,90,60
AU-DB1,90,70
AU-DB1,90,80
AU-DB1,90,90
AU-EC1,0,0
AU-EC1,0,10
AU-EC1,0,20
AU-EC1,0,30
AU-EC1,0,40
AU-EC1,0,50
AU-EC1,0,60
AU-EC1,0,70
AU-EC1,0,80
AU-EC1,0,90
AU-EC1,10,0
AU-EC1,10,10
AU-EC1,10,20
AU-EC1,10,30
AU-EC1,10,40
AU-EC1,10,50
AU-EC1,10,60
AU-EC1,10,70
AU-EC1,10,80
AU-EC1,10,90
AU-EC1,20,0
AU-EC1,20,10
AU-EC1,20,20
AU-EC1,20,30
AU-EC1,20,40
AU-EC1,20,50
AU-EC1,20,60
AU-EC1,20,70
AU-EC1,20,80
AU-EC1,20,90
AU-EC1,30,0
AU-EC1,30,10
AU-EC1,30,20
AU-EC1,30,30
AU-EC1,30,40
AU-EC1,30,50
AU-EC1,30,60
AU-EC1,30,70
AU-EC1,30,80
AU-EC1,30,90
AU-EC1,40,0
AU-EC1,40,10
AU-EC1,40,20
AU-EC1,40,30
AU-EC1,40,40
AU-EC1,40,50
AU-EC1,40,60
AU-EC1,40,70
AU-EC1,40,80
AU-EC1,40,90
AU-EC1,50,0
AU-EC1,50,10
AU-EC1,50,20
AU-EC1,50,30
AU-EC1,50,40
AU-EC1,50,50
AU-EC1,50,60
AU-EC1,50,70
AU-EC1,50,80
AU-EC1,50,90
AU-EC1,60,0
AU-EC1,60,10
AU-EC1,60,20
AU-EC1,60,30
AU-EC1,60,40
AU-EC1,60,50
AU-EC1,60,60
AU-EC1,60,70
AU-EC1,60,80
AU-EC1,60,90
AU-EC1,70,0
AU-EC1,70,10
AU-EC1,70,20
AU-EC1,70,30
AU-EC1,70,40
AU-EC1,70,50
AU-EC1,70,60
AU-EC1,70,70
AU-EC1,70,80
AU-EC1,70,90
AU-EC1,80,0
AU-EC1,80,10
AU-EC1,80,20
AU-EC1,80,30
AU-EC1,80,40
AU-EC1,80,50
AU-EC1,80,60
AU-EC1,80,70
AU-EC1,80,80
AU-EC1,80,90
AU-EC1,90,0
AU-EC1,90,10
AU-EC1,90,20
AU-EC1,90,30
AU-EC1,90,40
AU-EC1,90,50
AU-EC1,90,60
AU-EC1,90,70
AU-EC1,90,80
AU-EC1,90,90
AY-EB1,0,0
AY-EB1,0,10
AY-EB1,0,20
AY-EB1,0,30
AY-EB1,0,40
AY-EB1,0,50
AY-EB1,0,60
AY-EB1,0,70
AY-EB1,0,80
AY-EB1,0,90
AY-EB1,10,0
AY-EB1,10,10
AY-EB1,10,20
AY-EB1,10,30
AY-EB1,10,40
AY-EB1,10,50
AY-EB1,10,60
AY-EB1,10,70
AY-EB1,10,80
AY-EB1,10,90
AY-EB1,20,0
AY-EB1,20,10
AY-EB1,20,20
AY-EB1,20,30
AY-EB1,20,40
AY-EB1,20,50
AY-EB1,20,60
AY-EB1,20,70
AY-EB1,20,80
AY-EB1,20,90
AY-EB1,30,0
AY-EB1,30,10
AY-EB1,30,20
AY-EB1,30,30
AY-EB1,30,40
AY-EB1,30,50
AY-EB1,30,60
AY-EB1,30,70
AY-EB1,30,80
AY-EB1,30,90
AY-EB1,40,0
AY-EB1,40,10
AY-EB1,40,20
AY-EB1,40,30
AY-EB1,40,40
AY-EB1,40,50
AY-EB1,40,60
AY-EB1,40,70
AY-EB1,40,80
AY-EB1,40,90
AY-EB1,50,0
AY-EB1,50,10
AY-EB1,50,20
AY-EB1,50,30
AY-EB1,50,40
AY-EB1,50,50
AY-EB1,50,60
AY-EB1,50,70
AY-EB1,50,80
AY-EB1,50,90
AY-EB1,60,0
AY-EB1,60,10
AY-EB1,60,20
AY-EB1,60,30
AY-EB1,60,40
AY-EB1,60,50
AY-EB1,60,60
AY-EB1,60,70
AY-EB1,60,80
AY-EB1,60,90
AY-EB1,70,0
AY-EB1,70,10
AY-EB1,70,20
AY-EB1,70,30
AY-EB1,70,40
AY-EB1,70,50
AY-EB1,70,60
AY-EB1,70,70
AY-EB1,70,80
AY-EB1,70,90
AY-EB1,80,0
AY-EB1,80,10
AY-EB1,80,20
AY-EB1,80,30
AY-EB1,80,40
AY-EB1,80,50
AY-EB1,80,60
AY-EB1,80,70
AY-EB1,80,80
AY-EB1,80,90
AY-EB1,90,0
AY-EB1,90,10
AY-EB1,90,20
AY-EB1,90,30
AY-EB1,90,40
AY-EB1,90,50
AY-EB1,90,60
AY-EB1,90,70
AY-EB1,90,80
AY-EB1,90,90
CC-DB1,0,0
CC-DB1,0,25
CC-DB1,0,50
CC-DB1,0,75
CC-DB1,25,0
CC-DB1,25,25
CC-DB1,25,50
CC-DB1,25,75
CC-DB1,50,0
CC-DB1,50,25
CC-DB1,50,50
CC-DB1,50,75
CC-DB1,75,0
CC-DB1,75,25
CC-DB1,75,50
CC-DB1,75,75
CC-DB2,0,0
CC-DB2,0,10
CC-DB2,0,20
CC-DB2,0,30
CC-DB2,10,0
CC-DB2,10,10
CC-DB2,10,20
CC-DB2,10,30
CC-DB2,20,0
CC-DB2,20,10
CC-DB2,20,20
CC-DB2,20,30
DI-DB1,0,0
DI-DB1,0,10
DI-DB1,0,20
DI-DB1,0,30
DI-DB1,0,40
DI-DB1,0,50
DI-DB1,0,60
DI-DB1,0,70
DI-DB1,0,80
DI-DB1,0,90
DI-DB1,10,0
DI-DB1,10,10
DI-DB1,10,30
DI-DB1,10,40
DI-DB1,10,50
DI-DB1,10,60
DI-DB1,10,70
DI-DB1,10,80
DI-DB1,10,90
DI-DB1,20,0
DI-DB1,20,10
DI-DB1,20,20
DI-DB1,20,30
DI-DB1,20,40
DI-DB1,20,50
DI-DB1,20,60
DI-DB1,20,70
DI-DB1,20,80
DI-DB1,20,90
DI-DB1,30,0
DI-DB1,30,10
DI-DB1,30,20
DI-DB1,30,30
DI-DB1,30,40
DI-DB1,30,50
DI-DB1,30,60
DI-DB1,30,70
DI-DB1,30,80
DI-DB1,30,90
DI-DB1,40,0
DI-DB1,40,10
DI-DB1,40,20
DI-DB1,40,30
DI-DB1,40,40
DI-DB1,40,50
DI-DB1,40,60
DI-DB1,40,70
DI-DB1,40,80
DI-DB1,40,90
DI-DB1,50,0
DI-DB1,50,10
DI-DB1,50,20
DI-DB1,50,30
DI-DB1,50,40
DI-DB1,50,50
DI-DB1,50,60
DI-DB1,50,70
DI-DB1,50,80
DI-DB1,50,90
DI-DB1,60,0
DI-DB1,60,10
DI-DB1,60,20
DI-DB1,60,30
DI-DB1,60,40
DI-DB1,60,50
DI-DB1,60,60
DI-DB1,60,70
DI-DB1,60,80
DI-DB1,60,90
DI-DB1,70,0
DI-DB1,70,10
DI-DB1,70,20
DI-DB1,70,30
DI-DB1,70,40
DI-DB1,70,50
DI-DB1,70,60
DI-DB1,70,70
DI-DB1,70,80
DI-DB1,70,90
DI-DB1,80,0
DI-DB1,80,10
DI-DB1,80,20
DI-DB1,80,30
DI-DB1,80,40
DI-DB1,80,50
DI-DB1,80,60
DI-DB1,80,70
DI-DB1,80,80
DI-DB1,80,90
DI-DB1,90,0
DI-DB1,90,10
DI-DB1,90,20
DI-DB1,90,30
DI-DB1,90,40
DI-DB1,90,50
DI-DB1,90,60
DI-DB1,90,70
DI-DB1,90,80
DI-DB1,90,90
FJ-AT1,0,0
FJ-AT1,0,25
FJ-AT1,0,50
FJ-AT1,25,0
FJ-AT1,25,25
FJ-AT1,25,50
FJ-AT1,50,0
FJ-AT1,50,25
FJ-AT1,50,50
GR-DB1,0,0
GR-DB1,0,10
GR-DB1,0,20
GR-DB1,0,30
GR-DB1,0,40
GR-DB1,0,50
GR-DB1,0,60
GR-DB1,0,70
GR-DB1,0,80
GR-DB1,0,90
GR-DB1,10,0
GR-DB1,10,10
GR-DB1,10,20
GR-DB1,10,30
GR-DB1,10,40
GR-DB1,10,50
GR-DB1,10,60
GR-DB1,10,70
GR-DB1,10,80
GR-DB1,10,90
GR-DB1,20,0
GR-DB1,20,10
GR-DB1,20,20
GR-DB1,20,30
GR-DB1,20,40
GR-DB1,20,50
GR-DB1,20,60
GR-DB1,20,70
GR-DB1,20,80
GR-DB1,20,90
GR-DB1,30,0
GR-DB1,30,10
GR-DB1,30,20
GR-DB1,30,30
GR-DB1,30,40
GR-DB1,30,50
GR-DB1,30,60
GR-DB1,30,70
GR-DB1,30,80
GR-DB1,30,90
GR-DB1,40,0
GR-DB1,40,10
GR-DB1,40,20
GR-DB1,40,30
GR-DB1,40,40
GR-DB1,40,50
GR-DB1,40,60
GR-DB1,40,70
GR-DB1,40,80
GR-DB1,40,90
GR-DB1,50,0
GR-DB1,50,10
GR-DB1,50,20
GR-DB1,50,30
GR-DB1,50,40
GR-DB1,50,50
GR-DB1,50,60
GR-DB1,50,70
GR-DB1,50,80
GR-DB1,50,90
GR-DB1,60,0
GR-DB1,60,10
GR-DB1,60,20
GR-DB1,60,30
GR-DB1,60,40
GR-DB1,60,50
GR-DB1,60,60
GR-DB1,60,70
GR-DB1,60,80
GR-DB1,60,90
GR-DB1,70,0
GR-DB1,70,10
GR-DB1,70,20
GR-DB1,70,30
GR-DB1,70,40
GR-DB1,70,50
GR-DB1,70,60
GR-DB1,70,70
GR-DB1,70,80
GR-DB1,70,90
GR-DB1,80,0
GR-DB1,80,10
GR-DB1,80,20
GR-DB1,80,30
GR-DB1,80,40
GR-DB1,80,50
GR-DB1,80,60
GR-DB1,80,70
GR-DB1,80,80
GR-DB1,80,90
GR-DB1,90,0
GR-DB1,90,10
GR-DB1,90,20
GR-DB1,90,30
GR-DB1,90,40
GR-DB1,90,50
GR-DB1,90,60
GR-DB1,90,70
GR-DB1,90,80
GR-DB1,90,90
HD-DB1,0,0
HD-DB1,0,10
HD-DB1,0,20
HD-DB1,0,30
HD-DB1,0,40
HD-DB1,0,50
HD-DB1,0,60
HD-DB1,0,70
HD-DB1,0,80
HD-DB1,0,90
HD-DB1,0,100
HD-DB1,0,110
HD-DB1,10,0
HD-DB1,10,10
HD-DB1,10,20
HD-DB1,10,30
HD-DB1,10,40
HD-DB1,10,50
HD-DB1,10,60
HD-DB1,10,70
HD-DB1,10,80
HD-DB1,10,90
HD-DB1,10,100
HD-DB1,10,110
HD-DB1,20,0
HD-DB1,20,10
HD-DB1,20,20
HD-DB1,20,30
HD-DB1,20,40
HD-DB1,20,50
HD-DB1,20,60
HD-DB1,20,70
HD-DB1,20,80
HD-DB1,20,90
HD-DB1,20,100
HD-DB1,20,110
HD-DB1,30,0
HD-DB1,30,10
HD-DB1,30,20
HD-DB1,30,30
HD-DB1,30,40
HD-DB1,30,50
HD-DB1,30,60
HD-DB1,30,70
HD-DB1,30,80
HD-DB1,30,90
HD-DB1,30,100
HD-DB1,30,110
HD-DB1,40,0
HD-DB1,40,10
HD-DB1,40,20
HD-DB1,40,30
HD-DB1,40,40
HD-DB1,40,50
HD-DB1,40,60
HD-DB1,40,70
HD-DB1,40,80
HD-DB1,40,90
HD-DB1,40,100
HD-DB1,40,110
HD-DB1,50,0
HD-DB1,50,10
HD-DB1,50,20
HD-DB1,50,30
HD-DB1,50,40
HD-DB1,50,50
HD-DB1,50,60
HD-DB1,50,70
HD-DB1,50,80
HD-DB1,50,90
HD-DB1,50,100
HD-DB1,50,110
HD-DB1,60,0
HD-DB1,60,10
HD-DB1,60,20
HD-DB1,60,30
HD-DB1,60,40
HD-DB1,60,50
HD-DB1,60,60
HD-DB1,60,70
HD-DB1,60,80
HD-DB1,60,90
HD-DB1,60,100
HD-DB1,60,110
HD-DB1,70,20
HD-DB1,70,30
HD-DB1,70,40
HD-DB1,70,50
HD-DB1,80,20
HD-DB1,80,30
HD-DB1,80,40
HD-DB1,80,50
HD-DB1,90,20
HD-DB1,90,30
HD-DB1,90,40
HD-DB1,90,50
HD-DB1,100,20
HD-DB1,100,30
HD-DB1,100,40
HD-DB1,100,50
HY-EC1,0,0
HY-EC1,0,10
HY-EC1,0,20
HY-EC1,0,30
HY-EC1,0,40
HY-EC1,0,50
HY-EC1,0,60
HY-EC1,0,70
HY-EC1,0,80
HY-EC1,0,90
HY-EC1,0,100
HY-EC1,0,110
HY-EC1,0,120
HY-EC1,10,0
HY-EC1,10,10
HY-EC1,10,20
HY-EC1,10,30
HY-EC1,10,40
HY-EC1,10,50
HY-EC1,10,60
HY-EC1,10,70
HY-EC1,10,80
HY-EC1,10,90
HY-EC1,10,100
HY-EC1,10,110
HY-EC1,10,120
HY-EC1,20,0
HY-EC1,20,10
HY-EC1,20,20
HY-EC1,20,30
HY-EC1,20,40
HY-EC1,20,50
HY-EC1,20,60
HY-EC1,20,70
HY-EC1,20,80
HY-EC1,20,90
HY-EC1,20,100
HY-EC1,20,110
HY-EC1,20,120
HY-EC1,30,0
HY-EC1,30,10
HY-EC1,30,20
HY-EC1,30,30
HY-EC1,30,40
HY-EC1,30,50
HY-EC1,30,60
HY-EC1,30,70
HY-EC1,30,80
HY-EC1,30,90
HY-EC1,30,100
HY-EC1,30,110
HY-EC1,30,120
HY-EC1,40,0
HY-EC1,40,10
HY-EC1,40,20
HY-EC1,40,30
HY-EC1,40,40
HY-EC1,40,50
HY-EC1,40,60
HY-EC1,40,70
HY-EC1,40,80
HY-EC1,40,90
HY-EC1,40,100
HY-EC1,40,110
HY-EC1,40,120
HY-EC1,50,0
HY-EC1,50,10
HY-EC1,50,20
HY-EC1,50,30
HY-EC1,50,40
HY-EC1,50,50
HY-EC1,50,60
HY-EC1,50,70
HY-EC1,50,80
HY-EC1,50,90
HY-EC1,50,100
HY-EC1,50,110
HY-EC1,50,120
HY-EC1,60,0
HY-EC1,60,10
HY-EC1,60,20
HY-EC1,60,30
HY-EC1,60,40
HY-EC1,60,50
HY-EC1,60,60
HY-EC1,60,70
HY-EC1,60,80
HY-EC1,60,90
HY-EC1,60,100
HY-EC1,60,110
HY-EC1,60,120
HY-EC1,70,0
HY-EC1,70,10
HY-EC1,70,20
HY-EC1,70,30
HY-EC1,70,40
HY-EC1,70,50
HY-EC1,70,60
HY-EC1,70,70
HY-EC1,70,80
HY-EC1,70,90
HY-EC1,70,100
HY-EC1,70,110
HY-EC1,70,120
IC-BC1,0,0
IC-BC1,0,10
IC-BC1,0,20
IC-BC1,0,30
IC-BC1,0,40
IC-BC1,0,50
IC-BC1,0,60
IC-BC1,0,70
IC-BC1,0,80
IC-BC1,0,90
IC-BC1,10,0
IC-BC1,10,10
IC-BC1,10,20
IC-BC1,10,30
IC-BC1,10,40
IC-BC1,10,50
IC-BC1,10,60
IC-BC1,10,70
IC-BC1,10,80
IC-BC1,10,90
IC-BC1,20,0
IC-BC1,20,10
IC-BC1,20,20
IC-BC1,20,30
IC-BC1,20,40
IC-BC1,20,50
IC-BC1,20,60
IC-BC1,20,70
IC-BC1,20,80
IC-BC1,20,90
IC-BC1,30,0
IC-BC1,30,10
IC-BC1,30,20
IC-BC1,30,30
IC-BC1,30,40
IC-BC1,30,50
IC-BC1,30,60
IC-BC1,30,70
IC-BC1,30,80
IC-BC1,30,90
IC-BC1,40,0
IC-BC1,40,10
IC-BC1,40,20
IC-BC1,40,30
IC-BC1,40,40
IC-BC1,40,50
IC-BC1,40,60
IC-BC1,40,70
IC-BC1,40,80
IC-BC1,40,90
IC-BC1,50,0
IC-BC1,50,10
IC-BC1,50,20
IC-BC1,50,30
IC-BC1,50,40
IC-BC1,50,50
IC-BC1,50,60
IC-BC1,50,70
IC-BC1,50,80
IC-BC1,50,90
IC-BC1,60,0
IC-BC1,60,10
IC-BC1,60,20
IC-BC1,60,30
IC-BC1,60,40
IC-BC1,60,50
IC-BC1,60,60
IC-BC1,60,70
IC-BC1,60,80
IC-BC1,60,90
IC-BC1,70,0
IC-BC1,70,10
IC-BC1,70,20
IC-BC1,70,30
IC-BC1,70,40
IC-BC1,70,50
IC-BC1,70,60
IC-BC1,70,70
IC-BC1,70,80
IC-BC1,70,90
IC-BC1,80,0
IC-BC1,80,10
IC-BC1,80,20
IC-BC1,80,30
IC-BC1,80,40
IC-BC1,80,50
IC-BC1,80,60
IC-BC1,80,70
IC-BC1,80,80
IC-BC1,80,90
IC-BC1,90,0
IC-BC1,90,10
IC-BC1,90,20
IC-BC1,90,30
IC-BC1,90,50
IC-BC1,90,90
KA-EB1,0,0
KA-EB1,0,10
KA-EB1,0,20
KA-EB1,0,30
KA-EB1,0,40
KA-EB1,0,50
KA-EB1,0,60
KA-EB1,0,70
KA-EB1,0,80
KA-EB1,0,90
KA-EB1,10,0
KA-EB1,10,10
KA-EB1,10,20
KA-EB1,10,30
KA-EB1,10,40
KA-EB1,10,50
KA-EB1,10,60
KA-EB1,10,70
KA-EB1,10,80
KA-EB1,10,90
KA-EB1,20,0
KA-EB1,20,10
KA-EB1,20,20
KA-EB1,20,30
KA-EB1,20,40
KA-EB1,20,50
KA-EB1,20,60
KA-EB1,20,70
KA-EB1,20,80
KA-EB1,20,90
KA-EB1,30,0
KA-EB1,30,10
KA-EB1,30,20
KA-EB1,30,30
KA-EB1,30,40
KA-EB1,30,50
KA-EB1,30,60
KA-EB1,30,70
KA-EB1,30,80
KA-EB1,30,90
KA-EB1,40,0
KA-EB1,40,10
KA-EB1,40,20
KA-EB1,40,30
KA-EB1,40,40
KA-EB1,40,50
KA-EB1,40,60
KA-EB1,40,70
KA-EB1,40,80
KA-EB1,40,90
KA-EB1,50,0
KA-EB1,50,10
KA-EB1,50,20
KA-EB1,50,30
KA-EB1,50,40
KA-EB1,50,50
KA-EB1,50,60
KA-EB1,50,70
KA-EB1,50,80
KA-EB1,50,90
KA-EB1,60,0
KA-EB1,60,10
KA-EB1,60,20
KA-EB1,60,30
KA-EB1,60,40
KA-EB1,60,50
KA-EB1,60,60
KA-EB1,60,70
KA-EB1,60,80
KA-EB1,60,90
KA-EB1,70,0
KA-EB1,70,10
KA-EB1,70,20
KA-EB1,70,30
KA-EB1,70,40
KA-EB1,70,50
KA-EB1,70,60
KA-EB1,70,70
KA-EB1,70,80
KA-EB1,70,90
KA-EB1,80,0
KA-EB1,80,10
KA-EB1,80,20
KA-EB1,80,30
KA-EB1,80,40
KA-EB1,80,50
KA-EB1,80,60
KA-EB1,80,70
KA-EB1,80,80
KA-EB1,80,90
KA-EB1,90,0
KA-EB1,90,10
KA-EB1,90,20
KA-EB1,90,30
KA-EB1,90,40
KA-EB1,90,50
KA-EB1,90,60
KA-EB1,90,70
KA-EB1,90,80
KA-EB1,90,90
KG-EC1,0,0
KG-EC1,0,10
KG-EC1,0,20
KG-EC1,0,30
KG-EC1,0,40
KG-EC1,0,50
KG-EC1,0,60
KG-EC1,0,70
KG-EC1,10,0
KG-EC1,10,10
KG-EC1,10,20
KG-EC1,10,30
KG-EC1,10,40
KG-EC1,10,50
KG-EC1,10,60
KG-EC1,10,70
KG-EC1,20,0
KG-EC1,20,10
KG-EC1,20,20
KG-EC1,20,30
KG-EC1,20,40
KG-EC1,20,50
KG-EC1,20,60
KG-EC1,20,70
KG-EC1,30,0
KG-EC1,30,10
KG-EC1,30,20
KG-EC1,30,30
KG-EC1,30,40
KG-EC1,30,50
KG-EC1,30,60
KG-EC1,30,70
KG-EC1,40,0
KG-EC1,40,10
KG-EC1,40,20
KG-EC1,40,30
KG-EC1,40,40
KG-EC1,40,50
KG-EC1,40,60
KG-EC1,40,70
KG-EC1,50,0
KG-EC1,50,10
KG-EC1,50,20
KG-EC1,50,30
KG-EC1,50,40
KG-EC1,50,50
KG-EC1,50,60
KG-EC1,50,70
KG-EC1,60,0
KG-EC1,60,10
KG-EC1,60,20
KG-EC1,60,30
KG-EC1,60,40
KG-EC1,60,50
KG-EC1,60,60
KG-EC1,60,70
KG-EC1,70,0
KG-EC1,70,10
KG-EC1,70,20
KG-EC1,70,30
KG-EC1,70,40
KG-EC1,70,50
KG-EC1,70,60
KG-EC1,70,70
KI-EC1,0,0
KI-EC1,0,10
KI-EC1,0,20
KI-EC1,0,30
KI-EC1,0,40
KI-EC1,0,50
KI-EC1,0,60
KI-EC1,0,70
KI-EC1,0,80
KI-EC1,0,90
KI-EC1,10,0
KI-EC1,10,10
KI-EC1,10,20
KI-EC1,10,30
KI-EC1,10,40
KI-EC1,10,50
KI-EC1,10,60
KI-EC1,10,70
KI-EC1,10,80
KI-EC1,10,90
KI-EC1,20,0
KI-EC1,20,10
KI-EC1,20,20
KI-EC1,20,30
KI-EC1,20,40
KI-EC1,20,50
KI-EC1,20,60
KI-EC1,20,70
KI-EC1,20,80
KI-EC1,20,90
KI-EC1,30,0
KI-EC1,30,10
KI-EC1,30,20
KI-EC1,30,30
KI-EC1,30,40
KI-EC1,30,50
KI-EC1,30,60
KI-EC1,30,70
KI-EC1,30,80
KI-EC1,30,90
KI-EC1,40,0
KI-EC1,40,10
KI-EC1,40,20
KI-EC1,40,30
KI-EC1,40,40
KI-EC1,40,50
KI-EC1,40,60
KI-EC1,40,70
KI-EC1,40,80
KI-EC1,40,90
KI-EC1,50,0
KI-EC1,50,10
KI-EC1,50,20
KI-EC1,50,30
KI-EC1,50,40
KI-EC1,50,50
KI-EC1,50,60
KI-EC1,50,70
KI-EC1,50,80
KI-EC1,50,90
KI-EC1,60,0
KI-EC1,60,10
KI-EC1,60,20
KI-EC1,60,30
KI-EC1,60,40
KI-EC1,60,50
KI-EC1,60,60
KI-EC1,60,70
KI-EC1,60,80
KI-EC1,60,90
KI-EC1,70,0
KI-EC1,70,10
KI-EC1,70,20
KI-EC1,70,30
KI-EC1,70,40
KI-EC1,70,50
KI-EC1,70,60
KI-EC1,70,70
KI-EC1,70,80
KI-EC1,70,90
KI-EC1,80,0
KI-EC1,80,10
KI-EC1,80,20
KI-EC1,80,30
KI-EC1,80,40
KI-EC1,80,50
KI-EC1,80,60
KI-EC1,80,70
KI-EC1,80,80
KI-EC1,80,90
KI-EC1,90,0
KI-EC1,90,10
KI-EC1,90,20
KI-EC1,90,30
KI-EC1,90,40
KI-EC1,90,50
KI-EC1,90,60
KI-EC1,90,70
KI-EC1,90,80
KI-EC1,90,90
KJ-EB1,0,0
KJ-EB1,0,10
KJ-EB1,0,20
KJ-EB1,0,30
KJ-EB1,0,40
KJ-EB1,0,50
KJ-EB1,0,60
KJ-EB1,0,70
KJ-EB1,0,80
KJ-EB1,0,90
KJ-EB1,10,0
KJ-EB1,10,10
KJ-EB1,10,20
KJ-EB1,10,30
KJ-EB1,10,40
KJ-EB1,10,50
KJ-EB1,10,60
KJ-EB1,10,70
KJ-EB1,10,80
KJ-EB1,10,90
KJ-EB1,20,0
KJ-EB1,20,10
KJ-EB1,20,20
KJ-EB1,20,30
KJ-EB1,20,40
KJ-EB1,20,50
KJ-EB1,20,60
KJ-EB1,20,70
KJ-EB1,20,80
KJ-EB1,20,90
KJ-EB1,30,0
KJ-EB1,30,10
KJ-EB1,30,20
KJ-EB1,30,30
KJ-EB1,30,40
KJ-EB1,30,50
KJ-EB1,30,60
KJ-EB1,30,70
KJ-EB1,30,80
KJ-EB1,30,90
KJ-EB1,40,0
KJ-EB1,40,10
KJ-EB1,40,20
KJ-EB1,40,30
KJ-EB1,40,40
KJ-EB1,40,50
KJ-EB1,40,60
KJ-EB1,40,70
KJ-EB1,40,80
KJ-EB1,40,90
KJ-EB1,50,0
KJ-EB1,50,10
KJ-EB1,50,20
KJ-EB1,50,30
KJ-EB1,50,40
KJ-EB1,50,50
KJ-EB1,50,60
KJ-EB1,50,70
KJ-EB1,50,80
KJ-EB1,50,90
KJ-EB1,60,0
KJ-EB1,60,10
KJ-EB1,60,20
KJ-EB1,60,30
KJ-EB1,60,40
KJ-EB1,60,50
KJ-EB1,60,60
KJ-EB1,60,70
KJ-EB1,60,80
KJ-EB1,60,90
KJ-EB1,70,0
KJ-EB1,70,10
KJ-EB1,70,20
KJ-EB1,70,30
KJ-EB1,70,40
KJ-EB1,70,50
KJ-EB1,70,60
KJ-EB1,70,70
KJ-EB1,70,80
KJ-EB1,70,90
KJ-EB1,80,0
KJ-EB1,80,10
KJ-EB1,80,20
KJ-EB1,80,30
KJ-EB1,80,40
KJ-EB1,80,50
KJ-EB1,80,60
KJ-EB1,80,70
KJ-EB1,80,80
KJ-EB1,80,90
KJ-EB1,90,0
KJ-EB1,90,10
KJ-EB1,90,20
KJ-EB1,90,30
KJ-EB1,90,40
KJ-EB1,90,50
KJ-EB1,90,60
KJ-EB1,90,80
KJ-EB1,90,90
KK-DB1,0,0
KK-DB1,0,10
KK-DB1,0,20
KK-DB1,0,30
KK-DB1,0,40
KK-DB1,0,50
KK-DB1,0,60
KK-DB1,0,70
KK-DB1,0,80
KK-DB1,0,90
KK-DB1,10,0
KK-DB1,10,10
KK-DB1,10,20
KK-DB1,10,30
KK-DB1,10,50
KK-DB1,10,60
KK-DB1,10,70
KK-DB1,10,80
KK-DB1,10,90
KK-DB1,20,0
KK-DB1,20,10
KK-DB1,20,20
KK-DB1,20,30
KK-DB1,20,40
KK-DB1,20,50
KK-DB1,20,60
KK-DB1,20,70
KK-DB1,20,80
KK-DB1,20,90
KK-DB1,30,0
KK-DB1,30,10
KK-DB1,30,20
KK-DB1,30,30
KK-DB1,30,40
KK-DB1,30,50
KK-DB1,30,60
KK-DB1,30,70
KK-DB1,30,80
KK-DB1,30,90
KK-DB1,40,0
KK-DB1,40,10
KK-DB1,40,20
KK-DB1,40,30
KK-DB1,40,40
KK-DB1,40,50
KK-DB1,40,60
KK-DB1,40,70
KK-DB1,40,80
KK-DB1,40,90
KK-DB1,50,0
KK-DB1,50,10
KK-DB1,50,20
KK-DB1,50,30
KK-DB1,50,40
KK-DB1,50,50
KK-DB1,50,60
KK-DB1,50,70
KK-DB1,50,80
KK-DB1,50,90
KK-DB1,60,0
KK-DB1,60,10
KK-DB1,60,20
KK-DB1,60,30
KK-DB1,60,40
KK-DB1,60,50
KK-DB1,60,60
KK-DB1,60,70
KK-DB1,60,80
KK-DB1,60,90
KK-DB1,70,0
KK-DB1,70,10
KK-DB1,70,20
KK-DB1,70,30
KK-DB1,70,40
KK-DB1,70,50
KK-DB1,70,70
KK-DB1,70,80
KK-DB1,70,90
KK-DB1,80,0
KK-DB1,80,10
KK-DB1,80,20
KK-DB1,80,30
KK-DB1,80,40
KK-DB1,80,50
KK-DB1,80,60
KK-DB1,80,70
KK-DB1,80,80
KK-DB1,80,90
KK-DB1,90,0
KK-DB1,90,10
KK-DB1,90,20
KK-DB1,90,30
KK-DB1,90,40
KK-DB1,90,50
KK-DB1,90,60
KK-DB1,90,70
KK-DB1,90,80
KK-DB1,90,90
KM-DB1,0,0
KM-DB1,0,10
KM-DB1,0,20
KM-DB1,0,30
KM-DB1,0,40
KM-DB1,0,50
KM-DB1,0,60
KM-DB1,0,70
KM-DB1,0,80
KM-DB1,0,90
KM-DB1,10,0
KM-DB1,10,10
KM-DB1,10,20
KM-DB1,10,30
KM-DB1,10,40
KM-DB1,10,50
KM-DB1,10,60
KM-DB1,10,70
KM-DB1,10,80
KM-DB1,10,90
KM-DB1,20,0
KM-DB1,20,10
KM-DB1,20,20
KM-DB1,20,30
KM-DB1,20,40
KM-DB1,20,50
KM-DB1,20,60
KM-DB1,20,70
KM-DB1,20,80
KM-DB1,20,90
KM-DB1,30,0
KM-DB1,30,10
KM-DB1,30,20
KM-DB1,30,30
KM-DB1,30,40
KM-DB1,30,50
KM-DB1,30,60
KM-DB1,30,70
KM-DB1,30,80
KM-DB1,30,90
KM-DB1,40,0
KM-DB1,40,10
KM-DB1,40,20
KM-DB1,40,30
KM-DB1,40,40
KM-DB1,40,50
KM-DB1,40,60
KM-DB1,40,70
KM-DB1,40,80
KM-DB1,40,90
KM-DB1,50,0
KM-DB1,50,10
KM-DB1,50,20
KM-DB1,50,30
KM-DB1,50,40
KM-DB1,50,50
KM-DB1,50,60
KM-DB1,50,70
KM-DB1,50,80
KM-DB1,50,90
KM-DB1,60,0
KM-DB1,60,10
KM-DB1,60,20
KM-DB1,60,30
KM-DB1,60,40
KM-DB1,60,50
KM-DB1,60,60
KM-DB1,60,70
KM-DB1,60,80
KM-DB1,60,90
KM-DB1,70,0
KM-DB1,70,10
KM-DB1,70,20
KM-DB1,70,30
KM-DB1,70,40
KM-DB1,70,50
KM-DB1,70,60
KM-DB1,70,70
KM-DB1,70,80
KM-DB1,70,90
KM-DB1,80,0
KM-DB1,80,10
KM-DB1,80,20
KM-DB1,80,30
KM-DB1,80,40
KM-DB1,80,50
KM-DB1,80,60
KM-DB1,80,70
KM-DB1,80,80
KM-DB1,80,90
KM-DB1,90,0
KM-DB1,90,10
KM-DB1,90,20
KM-DB1,90,30
KM-DB1,90,40
KM-DB1,90,50
KM-DB1,90,60
KM-DB1,90,70
KM-DB1,90,80
KM-DB1,90,90
KN-EB1,0,0
KN-EB1,0,10
KN-EB1,0,20
KN-EB1,0,30
KN-EB1,0,40
KN-EB1,0,50
KN-EB1,0,60
KN-EB1,0,70
KN-EB1,0,80
KN-EB1,0,90
KN-EB1,10,0
KN-EB1,10,10
KN-EB1,10,20
KN-EB1,10,30
KN-EB1,10,40
KN-EB1,10,50
KN-EB1,10,60
KN-EB1,10,70
KN-EB1,10,80
KN-EB1,10,90
KN-EB1,20,0
KN-EB1,20,10
KN-EB1,20,20
KN-EB1,20,30
KN-EB1,20,40
KN-EB1,20,50
KN-EB1,20,60
KN-EB1,20,70
KN-EB1,20,80
KN-EB1,20,90
KN-EB1,30,0
KN-EB1,30,10
KN-EB1,30,20
KN-EB1,30,30
KN-EB1,30,40
KN-EB1,30,50
KN-EB1,30,60
KN-EB1,30,70
KN-EB1,30,80
KN-EB1,30,90
KN-EB1,40,0
KN-EB1,40,10
KN-EB1,40,20
KN-EB1,40,30
KN-EB1,40,40
KN-EB1,40,50
KN-EB1,40,60
KN-EB1,40,70
KN-EB1,40,80
KN-EB1,40,90
KN-EB1,50,0
KN-EB1,50,10
KN-EB1,50,20
KN-EB1,50,30
KN-EB1,50,40
KN-EB1,50,50
KN-EB1,50,60
KN-EB1,50,70
KN-EB1,50,80
KN-EB1,50,90
KN-EB1,60,0
KN-EB1,60,10
KN-EB1,60,20
KN-EB1,60,30
KN-EB1,60,40
KN-EB1,60,50
KN-EB1,60,60
KN-EB1,60,70
KN-EB1,60,80
KN-EB1,60,90
KN-EB1,70,0
KN-EB1,70,10
KN-EB1,70,20
KN-EB1,70,30
KN-EB1,70,40
KN-EB1,70,50
KN-EB1,70,60
KN-EB1,70,70
KN-EB1,70,80
KN-EB1,70,90
KN-EB1,80,0
KN-EB1,80,10
KN-EB1,80,20
KN-EB1,80,30
KN-EB1,80,40
KN-EB1,80,50
KN-EB1,80,60
KN-EB1,80,70
KN-EB1,80,80
KN-EB1,80,90
KN-EB1,90,0
KN-EB1,90,10
KN-EB1,90,20
KN-EB1,90,30
KN-EB1,90,40
KN-EB1,90,50
KN-EB1,90,60
KN-EB1,90,70
KN-EB1,90,80
KN-EB1,90,90
KS-DB1,0,0
KS-DB1,0,10
KS-DB1,0,20
KS-DB1,0,30
KS-DB1,0,40
KS-DB1,0,50
KS-DB1,0,60
KS-DB1,0,70
KS-DB1,0,80
KS-DB1,0,90
KS-DB1,10,0
KS-DB1,10,10
KS-DB1,10,20
KS-DB1,10,30
KS-DB1,10,40
KS-DB1,10,50
KS-DB1,10,60
KS-DB1,10,70
KS-DB1,10,80
KS-DB1,10,90
KS-DB1,20,0
KS-DB1,20,10
KS-DB1,20,20
KS-DB1,20,30
KS-DB1,20,40
KS-DB1,20,50
KS-DB1,20,60
KS-DB1,20,70
KS-DB1,20,80
KS-DB1,20,90
KS-DB1,30,0
KS-DB1,30,10
KS-DB1,30,20
KS-DB1,30,30
KS-DB1,30,40
KS-DB1,30,50
KS-DB1,30,60
KS-DB1,30,70
KS-DB1,30,80
KS-DB1,30,90
KS-DB1,40,0
KS-DB1,40,10
KS-DB1,40,20
KS-DB1,40,30
KS-DB1,40,40
KS-DB1,40,50
KS-DB1,40,60
KS-DB1,40,70
KS-DB1,40,80
KS-DB1,40,90
KS-DB1,50,0
KS-DB1,50,10
KS-DB1,50,20
KS-DB1,50,30
KS-DB1,50,40
KS-DB1,50,50
KS-DB1,50,60
KS-DB1,50,70
KS-DB1,50,80
KS-DB1,50,90
KS-DB1,60,0
KS-DB1,60,10
KS-DB1,60,20
KS-DB1,60,30
KS-DB1,60,40
KS-DB1,60,50
KS-DB1,60,60
KS-DB1,60,70
KS-DB1,60,80
KS-DB1,60,90
KS-DB1,70,0
KS-DB1,70,10
KS-DB1,70,20
KS-DB1,70,30
KS-DB1,70,40
KS-DB1,70,50
KS-DB1,70,60
KS-DB1,70,70
KS-DB1,70,80
KS-DB1,70,90
KS-DB1,80,0
KS-DB1,80,10
KS-DB1,80,20
KS-DB1,80,30
KS-DB1,80,40
KS-DB1,80,50
KS-DB1,80,60
KS-DB1,80,70
KS-DB1,80,80
KS-DB1,80,90
KS-DB1,90,0
KS-DB1,90,10
KS-DB1,90,20
KS-DB1,90,30
KS-DB1,90,40
KS-DB1,90,50
KS-DB1,90,60
KS-DB1,90,70
KS-DB1,90,80
KS-DB1,90,90
KY-DB1,0,0
KY-DB1,0,10
KY-DB1,0,20
KY-DB1,0,30
KY-DB1,0,40
KY-DB1,0,50
KY-DB1,0,60
KY-DB1,0,70
KY-DB1,0,80
KY-DB1,0,90
KY-DB1,10,0
KY-DB1,10,10
KY-DB1,10,20
KY-DB1,10,30
KY-DB1,10,40
KY-DB1,10,50
KY-DB1,10,60
KY-DB1,10,70
KY-DB1,10,80
KY-DB1,10,90
KY-DB1,20,0
KY-DB1,20,10
KY-DB1,20,20
KY-DB1,20,30
KY-DB1,20,40
KY-DB1,20,50
KY-DB1,20,60
KY-DB1,20,70
KY-DB1,20,80
KY-DB1,20,90
KY-DB1,30,0
KY-DB1,30,10
KY-DB1,30,20
KY-DB1,30,30
KY-DB1,30,40
KY-DB1,30,50
KY-DB1,30,60
KY-DB1,30,70
KY-DB1,30,80
KY-DB1,30,90
KY-DB1,40,0
KY-DB1,40,10
KY-DB1,40,20
KY-DB1,40,30
KY-DB1,40,40
KY-DB1,40,50
KY-DB1,40,60
KY-DB1,40,70
KY-DB1,40,80
KY-DB1,40,90
KY-DB1,50,0
KY-DB1,50,10
KY-DB1,50,20
KY-DB1,50,30
KY-DB1,50,40
KY-DB1,50,50
KY-DB1,50,60
KY-DB1,50,70
KY-DB1,50,80
KY-DB1,50,90
KY-DB1,60,0
KY-DB1,60,10
KY-DB1,60,20
KY-DB1,60,30
KY-DB1,60,40
KY-DB1,60,50
KY-DB1,60,60
KY-DB1,60,70
KY-DB1,60,80
KY-DB1,60,90
KY-DB1,70,0
KY-DB1,70,10
KY-DB1,70,20
KY-DB1,70,30
KY-DB1,70,40
KY-DB1,70,50
KY-DB1,70,60
KY-DB1,70,70
KY-DB1,70,80
KY-DB1,70,90
KY-DB1,80,0
KY-DB1,80,10
KY-DB1,80,20
KY-DB1,80,30
KY-DB1,80,40
KY-DB1,80,50
KY-DB1,80,60
KY-DB1,80,70
KY-DB1,80,80
KY-DB1,80,90
KY-DB1,90,0
KY-DB1,90,10
KY-DB1,90,20
KY-DB1,90,30
KY-DB1,90,40
KY-DB1,90,50
KY-DB1,90,60
KY-DB1,90,70
KY-DB1,90,80
KY-DB1,90,90
MY-EB1,0,0
MY-EB1,0,10
MY-EB1,0,20
MY-EB1,0,30
MY-EB1,0,40
MY-EB1,0,50
MY-EB1,0,60
MY-EB1,0,70
MY-EB1,0,80
MY-EB1,0,90
MY-EB1,10,0
MY-EB1,10,10
MY-EB1,10,20
MY-EB1,10,30
MY-EB1,10,40
MY-EB1,10,50
MY-EB1,10,60
MY-EB1,10,70
MY-EB1,10,80
MY-EB1,10,90
MY-EB1,20,0
MY-EB1,20,10
MY-EB1,20,20
MY-EB1,20,30
MY-EB1,20,40
MY-EB1,20,50
MY-EB1,20,60
MY-EB1,20,70
MY-EB1,20,80
MY-EB1,20,90
MY-EB1,30,0
MY-EB1,30,10
MY-EB1,30,20
MY-EB1,30,30
MY-EB1,30,40
MY-EB1,30,50
MY-EB1,30,60
MY-EB1,30,70
MY-EB1,30,80
MY-EB1,30,90
MY-EB1,40,0
MY-EB1,40,10
MY-EB1,40,20
MY-EB1,40,30
MY-EB1,40,40
MY-EB1,40,50
MY-EB1,40,60
MY-EB1,40,70
MY-EB1,40,80
MY-EB1,40,90
MY-EB1,50,0
MY-EB1,50,10
MY-EB1,50,20
MY-EB1,50,30
MY-EB1,50,40
MY-EB1,50,50
MY-EB1,50,60
MY-EB1,50,70
MY-EB1,50,80
MY-EB1,50,90
MY-EB1,60,0
MY-EB1,60,10
MY-EB1,60,20
MY-EB1,60,30
MY-EB1,60,40
MY-EB1,60,50
MY-EB1,60,60
MY-EB1,60,70
MY-EB1,60,80
MY-EB1,60,90
MY-EB1,70,0
MY-EB1,70,10
MY-EB1,70,20
MY-EB1,70,30
MY-EB1,70,40
MY-EB1,70,50
MY-EB1,70,60
MY-EB1,70,70
MY-EB1,70,80
MY-EB1,70,90
MY-EB1,80,0
MY-EB1,80,10
MY-EB1,80,20
MY-EB1,80,30
MY-EB1,80,40
MY-EB1,80,50
MY-EB1,80,60
MY-EB1,80,70
MY-EB1,80,80
MY-EB1,80,90
MY-EB1,90,0
MY-EB1,90,10
MY-EB1,90,20
MY-EB1,90,30
MY-EB1,90,40
MY-EB1,90,50
MY-EB1,90,60
MY-EB1,90,70
MY-EB1,90,80
MY-EB1,90,90
NG-EC1,0,0
NG-EC1,0,10
NG-EC1,0,20
NG-EC1,0,30
NG-EC1,0,40
NG-EC1,0,50
NG-EC1,0,60
NG-EC1,0,70
NG-EC1,0,80
NG-EC1,0,90
NG-EC1,10,0
NG-EC1,10,10
NG-EC1,10,20
NG-EC1,10,30
NG-EC1,10,40
NG-EC1,10,50
NG-EC1,10,60
NG-EC1,10,70
NG-EC1,10,80
NG-EC1,10,90
NG-EC1,20,0
NG-EC1,20,10
NG-EC1,20,20
NG-EC1,20,30
NG-EC1,20,40
NG-EC1,20,50
NG-EC1,20,60
NG-EC1,20,70
NG-EC1,20,80
NG-EC1,20,90
NG-EC1,30,0
NG-EC1,30,10
NG-EC1,30,20
NG-EC1,30,30
NG-EC1,30,40
NG-EC1,30,50
NG-EC1,30,60
NG-EC1,30,70
NG-EC1,30,80
NG-EC1,30,90
NG-EC1,40,0
NG-EC1,40,10
NG-EC1,40,20
NG-EC1,40,30
NG-EC1,40,40
NG-EC1,40,50
NG-EC1,40,60
NG-EC1,40,70
NG-EC1,40,80
NG-EC1,40,90
NG-EC1,50,0
NG-EC1,50,10
NG-EC1,50,20
NG-EC1,50,30
NG-EC1,50,40
NG-EC1,50,50
NG-EC1,50,60
NG-EC1,50,70
NG-EC1,50,80
NG-EC1,50,90
NG-EC1,60,0
NG-EC1,60,10
NG-EC1,60,20
NG-EC1,60,30
NG-EC1,60,40
NG-EC1,60,50
NG-EC1,60,60
NG-EC1,60,70
NG-EC1,60,80
NG-EC1,60,90
NG-EC1,70,0
NG-EC1,70,10
NG-EC1,70,20
NG-EC1,70,30
NG-EC1,70,40
NG-EC1,70,50
NG-EC1,70,60
NG-EC1,70,70
NG-EC1,70,80
NG-EC1,70,90
NG-EC1,80,0
NG-EC1,80,10
NG-EC1,80,20
NG-EC1,80,30
NG-EC1,80,40
NG-EC1,80,50
NG-EC1,80,60
NG-EC1,80,70
NG-EC1,80,80
NG-EC1,80,90
NG-EC1,90,0
NG-EC1,90,10
NG-EC1,90,20
NG-EC1,90,30
NG-EC1,90,40
NG-EC1,90,50
NG-EC1,90,60
NG-EC1,90,70
NG-EC1,90,80
NG-EC1,90,90
NP-DB1,0,0
NP-DB1,0,10
NP-DB1,0,20
NP-DB1,0,30
NP-DB1,0,40
NP-DB1,0,50
NP-DB1,0,60
NP-DB1,0,70
NP-DB1,0,80
NP-DB1,0,90
NP-DB1,0,100
NP-DB1,0,110
NP-DB1,0,120
NP-DB1,10,0
NP-DB1,10,10
NP-DB1,10,20
NP-DB1,10,30
NP-DB1,10,40
NP-DB1,10,50
NP-DB1,10,60
NP-DB1,10,70
NP-DB1,10,80
NP-DB1,10,90
NP-DB1,10,100
NP-DB1,10,110
NP-DB1,10,120
NP-DB1,20,0
NP-DB1,20,10
NP-DB1,20,20
NP-DB1,20,30
NP-DB1,20,40
NP-DB1,20,50
NP-DB1,20,60
NP-DB1,20,70
NP-DB1,20,80
NP-DB1,20,90
NP-DB1,20,100
NP-DB1,20,110
NP-DB1,20,120
NP-DB1,30,0
NP-DB1,30,10
NP-DB1,30,20
NP-DB1,30,30
NP-DB1,30,40
NP-DB1,30,50
NP-DB1,30,60
NP-DB1,30,70
NP-DB1,30,80
NP-DB1,30,90
NP-DB1,30,100
NP-DB1,30,110
NP-DB1,30,120
NP-DB1,40,0
NP-DB1,40,10
NP-DB1,40,20
NP-DB1,40,30
NP-DB1,40,40
NP-DB1,40,50
NP-DB1,40,60
NP-DB1,40,70
NP-DB1,40,80
NP-DB1,40,90
NP-DB1,40,100
NP-DB1,40,110
NP-DB1,40,120
NP-DB1,50,0
NP-DB1,50,10
NP-DB1,50,20
NP-DB1,50,30
NP-DB1,50,40
NP-DB1,50,50
NP-DB1,50,60
NP-DB1,50,70
NP-DB1,50,80
NP-DB1,50,90
NP-DB1,50,100
NP-DB1,50,110
NP-DB1,50,120
NP-DB1,60,0
NP-DB1,60,10
NP-DB1,60,20
NP-DB1,60,30
NP-DB1,60,40
NP-DB1,60,50
NP-DB1,60,60
NP-DB1,60,70
NP-DB1,60,80
NP-DB1,60,90
NP-DB1,60,100
NP-DB1,60,110
NP-DB1,60,120
NP-DB1,70,0
NP-DB1,70,10
NP-DB1,70,20
NP-DB1,70,30
NP-DB1,70,40
NP-DB1,70,50
NP-DB1,70,60
NP-DB1,70,70
NP-DB1,70,80
NP-DB1,70,90
NP-DB1,70,100
NP-DB1,70,110
NP-DB1,70,120
NS-DB1,0,0
NS-DB1,0,10
NS-DB1,0,20
NS-DB1,0,30
NS-DB1,0,40
NS-DB1,10,0
NS-DB1,10,10
NS-DB1,10,20
NS-DB1,10,30
NS-DB1,10,40
NS-DB1,20,0
NS-DB1,20,10
NS-DB1,20,20
NS-DB1,20,30
NS-DB1,20,40
NS-DB1,30,0
NS-DB1,30,10
NS-DB1,30,20
NS-DB1,30,30
NS-DB1,30,40
NS-DB1,40,0
NS-DB1,40,10
NS-DB1,40,20
NS-DB1,40,30
NS-DB1,40,40
NS-DB1,50,0
NS-DB1,50,10
NS-DB1,50,20
NS-DB1,50,30
NS-DB1,50,40
OG-DB1,0,0
OG-DB1,0,10
OG-DB1,0,20
OG-DB1,0,30
OG-DB1,0,40
OG-DB1,0,50
OG-DB1,0,60
OG-DB1,0,70
OG-DB1,0,80
OG-DB1,0,90
OG-DB1,0,100
OG-DB1,0,110
OG-DB1,10,0
OG-DB1,10,10
OG-DB1,10,20
OG-DB1,10,30
OG-DB1,10,40
OG-DB1,10,50
OG-DB1,10,60
OG-DB1,10,70
OG-DB1,10,80
OG-DB1,10,90
OG-DB1,10,100
OG-DB1,10,110
OG-DB1,20,0
OG-DB1,20,10
OG-DB1,20,20
OG-DB1,20,30
OG-DB1,20,40
OG-DB1,20,50
OG-DB1,20,60
OG-DB1,20,70
OG-DB1,20,80
OG-DB1,20,90
OG-DB1,20,100
OG-DB1,20,110
OG-DB1,30,0
OG-DB1,30,10
OG-DB1,30,20
OG-DB1,30,30
OG-DB1,30,40
OG-DB1,30,50
OG-DB1,30,60
OG-DB1,30,70
OG-DB1,30,80
OG-DB1,30,90
OG-DB1,30,100
OG-DB1,30,110
OG-DB1,40,0
OG-DB1,40,10
OG-DB1,40,20
OG-DB1,40,30
OG-DB1,40,40
OG-DB1,40,50
OG-DB1,40,60
OG-DB1,40,70
OG-DB1,40,80
OG-DB1,40,90
OG-DB1,40,100
OG-DB1,40,110
OG-DB1,50,0
OG-DB1,50,10
OG-DB1,50,20
OG-DB1,50,30
OG-DB1,50,40
OG-DB1,50,50
OG-DB1,50,60
OG-DB1,50,70
OG-DB1,50,80
OG-DB1,50,90
OG-DB1,50,100
OG-DB1,50,110
OG-DB1,60,0
OG-DB1,60,10
OG-DB1,60,20
OG-DB1,60,30
OG-DB1,60,40
OG-DB1,60,50
OG-DB1,60,60
OG-DB1,60,70
OG-DB1,60,80
OG-DB1,60,90
OG-DB1,60,100
OG-DB1,60,110
OG-DB1,70,0
OG-DB1,70,10
OG-DB1,70,20
OG-DB1,70,30
OG-DB1,70,40
OG-DB1,70,50
OG-DB1,70,60
OG-DB1,70,70
OG-DB1,70,80
OG-DB1,70,90
OG-DB1,70,100
OG-DB1,70,110
OG-DB1,80,0
OG-DB1,80,10
OG-DB1,80,20
OG-DB1,80,30
OG-DB1,80,40
OG-DB1,80,50
OG-DB1,80,60
OG-DB1,80,70
OG-DB1,80,80
OG-DB1,80,90
OG-DB1,80,100
OG-DB1,80,110
OG-DB1,90,0
OG-DB1,90,10
OG-DB1,90,20
OG-DB1,90,30
OG-DB1,90,40
OG-DB1,90,50
OG-DB1,90,60
OG-DB1,90,70
OG-DB1,90,80
OG-DB1,90,90
OG-DB1,90,100
OG-DB1,90,110
OS-EC1,0,0
OS-EC1,0,10
OS-EC1,0,20
OS-EC1,0,30
OS-EC1,0,40
OS-EC1,0,50
OS-EC1,0,60
OS-EC1,0,70
OS-EC1,0,80
OS-EC1,0,90
OS-EC1,10,0
OS-EC1,10,10
OS-EC1,10,20
OS-EC1,10,30
OS-EC1,10,40
OS-EC1,10,50
OS-EC1,10,60
OS-EC1,10,70
OS-EC1,10,80
OS-EC1,10,90
OS-EC1,20,0
OS-EC1,20,10
OS-EC1,20,20
OS-EC1,20,30
OS-EC1,20,40
OS-EC1,20,50
OS-EC1,20,60
OS-EC1,20,70
OS-EC1,20,80
OS-EC1,20,90
OS-EC1,30,0
OS-EC1,30,10
OS-EC1,30,20
OS-EC1,30,30
OS-EC1,30,40
OS-EC1,30,50
OS-EC1,30,60
OS-EC1,30,70
OS-EC1,30,80
OS-EC1,30,90
OS-EC1,40,0
OS-EC1,40,10
OS-EC1,40,20
OS-EC1,40,30
OS-EC1,40,40
OS-EC1,40,50
OS-EC1,40,60
OS-EC1,40,70
OS-EC1,40,80
OS-EC1,40,90
OS-EC1,50,0
OS-EC1,50,10
OS-EC1,50,20
OS-EC1,50,30
OS-EC1,50,40
OS-EC1,50,50
OS-EC1,50,60
OS-EC1,50,70
OS-EC1,50,80
OS-EC1,50,90
OS-EC1,60,0
OS-EC1,60,10
OS-EC1,60,20
OS-EC1,60,30
OS-EC1,60,40
OS-EC1,60,50
OS-EC1,60,60
OS-EC1,60,70
OS-EC1,60,80
OS-EC1,60,90
OS-EC1,70,0
OS-EC1,70,10
OS-EC1,70,20
OS-EC1,70,30
OS-EC1,70,40
OS-EC1,70,50
OS-EC1,70,60
OS-EC1,70,70
OS-EC1,70,80
OS-EC1,70,90
OS-EC1,80,0
OS-EC1,80,10
OS-EC1,80,20
OS-EC1,80,30
OS-EC1,80,40
OS-EC1,80,50
OS-EC1,80,60
OS-EC1,80,70
OS-EC1,80,80
OS-EC1,80,90
OS-EC1,90,0
OS-EC1,90,10
OS-EC1,90,20
OS-EC1,90,30
OS-EC1,90,40
OS-EC1,90,50
OS-EC1,90,60
OS-EC1,90,70
OS-EC1,90,80
OS-EC1,90,90
OT-EC1,0,0
OT-EC1,0,10
OT-EC1,0,20
OT-EC1,0,30
OT-EC1,0,40
OT-EC1,0,50
OT-EC1,0,60
OT-EC1,0,70
OT-EC1,0,80
OT-EC1,0,90
OT-EC1,10,0
OT-EC1,10,10
OT-EC1,10,20
OT-EC1,10,30
OT-EC1,10,40
OT-EC1,10,50
OT-EC1,10,60
OT-EC1,10,70
OT-EC1,10,80
OT-EC1,10,90
OT-EC1,20,0
OT-EC1,20,10
OT-EC1,20,20
OT-EC1,20,30
OT-EC1,20,40
OT-EC1,20,50
OT-EC1,20,60
OT-EC1,20,70
OT-EC1,20,80
OT-EC1,20,90
OT-EC1,30,0
OT-EC1,30,10
OT-EC1,30,20
OT-EC1,30,30
OT-EC1,30,40
OT-EC1,30,50
OT-EC1,30,60
OT-EC1,30,70
OT-EC1,30,80
OT-EC1,30,90
OT-EC1,40,0
OT-EC1,40,10
OT-EC1,40,20
OT-EC1,40,30
OT-EC1,40,40
OT-EC1,40,50
OT-EC1,40,60
OT-EC1,40,70
OT-EC1,40,80
OT-EC1,40,90
OT-EC1,50,0
OT-EC1,50,10
OT-EC1,50,20
OT-EC1,50,30
OT-EC1,50,40
OT-EC1,50,50
OT-EC1,50,60
OT-EC1,50,70
OT-EC1,50,80
OT-EC1,50,90
OT-EC1,60,0
OT-EC1,60,10
OT-EC1,60,20
OT-EC1,60,30
OT-EC1,60,40
OT-EC1,60,50
OT-EC1,60,60
OT-EC1,60,70
OT-EC1,60,80
OT-EC1,60,90
OT-EC1,70,0
OT-EC1,70,10
OT-EC1,70,20
OT-EC1,70,30
OT-EC1,70,40
OT-EC1,70,50
OT-EC1,70,60
OT-EC1,70,70
OT-EC1,70,80
OT-EC1,70,90
OT-EC1,80,0
OT-EC1,80,10
OT-EC1,80,20
OT-EC1,80,30
OT-EC1,80,40
OT-EC1,80,50
OT-EC1,80,60
OT-EC1,80,70
OT-EC1,80,80
OT-EC1,80,90
OT-EC1,90,0
OT-EC1,90,10
OT-EC1,90,20
OT-EC1,90,30
OT-EC1,90,40
OT-EC1,90,50
OT-EC1,90,60
OT-EC1,90,70
OT-EC1,90,80
OT-EC1,90,90
OW-EB1,0,0
OW-EB1,0,10
OW-EB1,0,20
OW-EB1,0,30
OW-EB1,0,40
OW-EB1,0,50
OW-EB1,0,60
OW-EB1,0,70
OW-EB1,0,80
OW-EB1,0,90
OW-EB1,10,0
OW-EB1,10,10
OW-EB1,10,20
OW-EB1,10,30
OW-EB1,10,40
OW-EB1,10,50
OW-EB1,10,60
OW-EB1,10,70
OW-EB1,10,80
OW-EB1,10,90
OW-EB1,20,0
OW-EB1,20,10
OW-EB1,20,20
OW-EB1,20,30
OW-EB1,20,40
OW-EB1,20,50
OW-EB1,20,60
OW-EB1,20,70
OW-EB1,20,80
OW-EB1,20,90
OW-EB1,30,0
OW-EB1,30,10
OW-EB1,30,20
OW-EB1,30,30
OW-EB1,30,40
OW-EB1,30,50
OW-EB1,30,60
OW-EB1,30,70
OW-EB1,30,80
OW-EB1,30,90
OW-EB1,40,0
OW-EB1,40,10
OW-EB1,40,20
OW-EB1,40,30
OW-EB1,40,40
OW-EB1,40,50
OW-EB1,40,60
OW-EB1,40,70
OW-EB1,40,80
OW-EB1,40,90
OW-EB1,50,0
OW-EB1,50,10
OW-EB1,50,20
OW-EB1,50,30
OW-EB1,50,40
OW-EB1,50,50
OW-EB1,50,60
OW-EB1,50,70
OW-EB1,50,80
OW-EB1,50,90
OW-EB1,60,0
OW-EB1,60,10
OW-EB1,60,20
OW-EB1,60,30
OW-EB1,60,40
OW-EB1,60,50
OW-EB1,60,60
OW-EB1,60,70
OW-EB1,60,80
OW-EB1,60,90
OW-EB1,70,0
OW-EB1,70,10
OW-EB1,70,20
OW-EB1,70,30
OW-EB1,70,40
OW-EB1,70,50
OW-EB1,70,60
OW-EB1,70,70
OW-EB1,70,80
OW-EB1,70,90
OW-EB1,80,0
OW-EB1,80,10
OW-EB1,80,20
OW-EB1,80,30
OW-EB1,80,40
OW-EB1,80,50
OW-EB1,80,60
OW-EB1,80,70
OW-EB1,80,80
OW-EB1,80,90
OW-EB1,90,0
OW-EB1,90,10
OW-EB1,90,20
OW-EB1,90,30
OW-EB1,90,40
OW-EB1,90,50
OW-EB1,90,60
OW-EB1,90,70
OW-EB1,90,80
OW-EB1,90,90
OY-DB1,0,0
OY-DB1,0,10
OY-DB1,0,20
OY-DB1,0,30
OY-DB1,0,40
OY-DB1,0,50
OY-DB1,0,60
OY-DB1,0,70
OY-DB1,0,80
OY-DB1,0,90
OY-DB1,10,0
OY-DB1,10,10
OY-DB1,10,20
OY-DB1,10,30
OY-DB1,10,40
OY-DB1,10,50
OY-DB1,10,60
OY-DB1,10,70
OY-DB1,10,80
OY-DB1,10,90
OY-DB1,20,0
OY-DB1,20,10
OY-DB1,20,20
OY-DB1,20,30
OY-DB1,20,40
OY-DB1,20,50
OY-DB1,20,60
OY-DB1,20,70
OY-DB1,20,80
OY-DB1,20,90
OY-DB1,30,0
OY-DB1,30,10
OY-DB1,30,20
OY-DB1,30,30
OY-DB1,30,40
OY-DB1,30,50
OY-DB1,30,60
OY-DB1,30,70
OY-DB1,30,80
OY-DB1,30,90
OY-DB1,40,0
OY-DB1,40,10
OY-DB1,40,20
OY-DB1,40,30
OY-DB1,40,40
OY-DB1,40,50
OY-DB1,40,60
OY-DB1,40,70
OY-DB1,40,80
OY-DB1,40,90
OY-DB1,50,0
OY-DB1,50,10
OY-DB1,50,20
OY-DB1,50,30
OY-DB1,50,40
OY-DB1,50,50
OY-DB1,50,60
OY-DB1,50,70
OY-DB1,50,80
OY-DB1,50,90
OY-DB1,60,0
OY-DB1,60,10
OY-DB1,60,20
OY-DB1,60,30
OY-DB1,60,40
OY-DB1,60,50
OY-DB1,60,60
OY-DB1,60,70
OY-DB1,60,80
OY-DB1,60,90
OY-DB1,70,0
OY-DB1,70,10
OY-DB1,70,20
OY-DB1,70,30
OY-DB1,70,40
OY-DB1,70,50
OY-DB1,70,60
OY-DB1,70,70
OY-DB1,70,80
OY-DB1,70,90
OY-DB1,80,0
OY-DB1,80,10
OY-DB1,80,20
OY-DB1,80,30
OY-DB1,80,40
OY-DB1,80,50
OY-DB1,80,60
OY-DB1,80,70
OY-DB1,80,80
OY-DB1,80,90
OY-DB1,90,0
OY-DB1,90,10
OY-DB1,90,20
OY-DB1,90,30
OY-DB1,90,40
OY-DB1,90,50
OY-DB1,90,60
OY-DB1,90,70
OY-DB1,90,80
OY-DB1,90,90
OZ-DB1,0,0
OZ-DB1,0,10
OZ-DB1,0,20
OZ-DB1,0,30
OZ-DB1,0,40
OZ-DB1,0,50
OZ-DB1,0,60
OZ-DB1,0,70
OZ-DB1,0,80
OZ-DB1,0,90
OZ-DB1,0,100
OZ-DB1,0,110
OZ-DB1,0,120
OZ-DB1,10,0
OZ-DB1,10,10
OZ-DB1,10,20
OZ-DB1,10,30
OZ-DB1,10,40
OZ-DB1,10,50
OZ-DB1,10,60
OZ-DB1,10,70
OZ-DB1,10,80
OZ-DB1,10,90
OZ-DB1,10,100
OZ-DB1,10,110
OZ-DB1,10,120
OZ-DB1,20,0
OZ-DB1,20,10
OZ-DB1,20,20
OZ-DB1,20,30
OZ-DB1,20,40
OZ-DB1,20,50
OZ-DB1,20,60
OZ-DB1,20,70
OZ-DB1,20,80
OZ-DB1,20,90
OZ-DB1,20,100
OZ-DB1,20,110
OZ-DB1,20,120
OZ-DB1,30,0
OZ-DB1,30,0
OZ-DB1,30,10
OZ-DB1,30,20
OZ-DB1,30,30
OZ-DB1,30,40
OZ-DB1,30,50
OZ-DB1,30,60
OZ-DB1,30,70
OZ-DB1,30,80
OZ-DB1,30,90
OZ-DB1,30,100
OZ-DB1,30,110
OZ-DB1,30,120
OZ-DB1,40,10
OZ-DB1,40,20
OZ-DB1,40,30
OZ-DB1,40,40
OZ-DB1,40,50
OZ-DB1,40,60
OZ-DB1,40,70
OZ-DB1,40,80
OZ-DB1,40,90
OZ-DB1,40,100
OZ-DB1,40,110
OZ-DB1,40,120
OZ-DB1,50,0
OZ-DB1,50,10
OZ-DB1,50,20
OZ-DB1,50,30
OZ-DB1,50,40
OZ-DB1,50,50
OZ-DB1,50,60
OZ-DB1,50,70
OZ-DB1,50,80
OZ-DB1,50,90
OZ-DB1,50,100
OZ-DB1,50,110
OZ-DB1,50,120
OZ-DB1,60,0
OZ-DB1,60,10
OZ-DB1,60,20
OZ-DB1,60,30
OZ-DB1,60,40
OZ-DB1,60,50
OZ-DB1,60,60
OZ-DB1,60,70
OZ-DB1,60,80
OZ-DB1,60,90
OZ-DB1,60,100
OZ-DB1,60,110
OZ-DB1,60,120
OZ-DB1,70,0
OZ-DB1,70,10
OZ-DB1,70,20
OZ-DB1,70,30
OZ-DB1,70,40
OZ-DB1,70,50
OZ-DB1,70,60
OZ-DB1,70,70
OZ-DB1,70,80
OZ-DB1,70,90
OZ-DB1,70,100
OZ-DB1,70,110
OZ-DB1,70,120
SD-EB1,0,0
SD-EB1,0,10
SD-EB1,0,20
SD-EB1,0,30
SD-EB1,0,40
SD-EB1,0,50
SD-EB1,0,60
SD-EB1,0,70
SD-EB1,0,80
SD-EB1,0,90
SD-EB1,10,0
SD-EB1,10,10
SD-EB1,10,20
SD-EB1,10,30
SD-EB1,10,40
SD-EB1,10,50
SD-EB1,10,60
SD-EB1,10,70
SD-EB1,10,80
SD-EB1,10,90
SD-EB1,20,0
SD-EB1,20,10
SD-EB1,20,20
SD-EB1,20,30
SD-EB1,20,40
SD-EB1,20,50
SD-EB1,20,60
SD-EB1,20,70
SD-EB1,20,80
SD-EB1,20,90
SD-EB1,30,0
SD-EB1,30,10
SD-EB1,30,20
SD-EB1,30,30
SD-EB1,30,40
SD-EB1,30,50
SD-EB1,30,60
SD-EB1,30,70
SD-EB1,30,80
SD-EB1,30,90
SD-EB1,40,0
SD-EB1,40,10
SD-EB1,40,20
SD-EB1,40,30
SD-EB1,40,40
SD-EB1,40,50
SD-EB1,40,60
SD-EB1,40,70
SD-EB1,40,80
SD-EB1,40,90
SD-EB1,50,0
SD-EB1,50,10
SD-EB1,50,20
SD-EB1,50,30
SD-EB1,50,40
SD-EB1,50,50
SD-EB1,50,60
SD-EB1,50,70
SD-EB1,50,80
SD-EB1,50,90
SD-EB1,60,0
SD-EB1,60,10
SD-EB1,60,20
SD-EB1,60,30
SD-EB1,60,40
SD-EB1,60,50
SD-EB1,60,60
SD-EB1,60,70
SD-EB1,60,80
SD-EB1,60,90
SD-EB1,70,0
SD-EB1,70,10
SD-EB1,70,20
SD-EB1,70,30
SD-EB1,70,40
SD-EB1,70,50
SD-EB1,70,60
SD-EB1,70,70
SD-EB1,70,80
SD-EB1,70,90
SD-EB1,80,0
SD-EB1,80,10
SD-EB1,80,20
SD-EB1,80,30
SD-EB1,80,40
SD-EB1,80,50
SD-EB1,80,60
SD-EB1,80,70
SD-EB1,80,80
SD-EB1,80,90
SD-EB1,90,0
SD-EB1,90,10
SD-EB1,90,20
SD-EB1,90,30
SD-EB1,90,40
SD-EB1,90,50
SD-EB1,90,60
SD-EB1,90,70
SD-EB1,90,80
SD-EB1,90,90
SI-DB1,0,0
SI-DB1,0,10
SI-DB1,0,20
SI-DB1,0,30
SI-DB1,0,40
SI-DB1,0,50
SI-DB1,0,60
SI-DB1,0,70
SI-DB1,0,80
SI-DB1,0,90
SI-DB1,10,0
SI-DB1,10,10
SI-DB1,10,20
SI-DB1,10,30
SI-DB1,10,40
SI-DB1,10,50
SI-DB1,10,60
SI-DB1,10,70
SI-DB1,10,80
SI-DB1,10,90
SI-DB1,20,0
SI-DB1,20,10
SI-DB1,20,20
SI-DB1,20,30
SI-DB1,20,40
SI-DB1,20,50
SI-DB1,20,60
SI-DB1,20,70
SI-DB1,20,80
SI-DB1,20,90
SI-DB1,30,0
SI-DB1,30,10
SI-DB1,30,20
SI-DB1,30,30
SI-DB1,30,40
SI-DB1,30,50
SI-DB1,30,60
SI-DB1,30,70
SI-DB1,30,80
SI-DB1,30,90
SI-DB1,40,0
SI-DB1,40,10
SI-DB1,40,20
SI-DB1,40,30
SI-DB1,40,40
SI-DB1,40,50
SI-DB1,40,60
SI-DB1,40,70
SI-DB1,40,80
SI-DB1,40,90
SI-DB1,50,0
SI-DB1,50,10
SI-DB1,50,20
SI-DB1,50,30
SI-DB1,50,40
SI-DB1,50,50
SI-DB1,50,60
SI-DB1,50,70
SI-DB1,50,80
SI-DB1,50,90
SI-DB1,60,0
SI-DB1,60,10
SI-DB1,60,20
SI-DB1,60,30
SI-DB1,60,40
SI-DB1,60,50
SI-DB1,60,60
SI-DB1,60,70
SI-DB1,60,80
SI-DB1,60,90
SI-DB1,70,0
SI-DB1,70,10
SI-DB1,70,20
SI-DB1,70,30
SI-DB1,70,40
SI-DB1,70,50
SI-DB1,70,60
SI-DB1,70,70
SI-DB1,70,80
SI-DB1,70,90
SI-DB1,80,0
SI-DB1,80,10
SI-DB1,80,20
SI-DB1,80,30
SI-DB1,80,40
SI-DB1,80,50
SI-DB1,80,60
SI-DB1,80,70
SI-DB1,80,80
SI-DB1,80,90
SI-DB1,90,0
SI-DB1,90,10
SI-DB1,90,20
SI-DB1,90,30
SI-DB1,90,40
SI-DB1,90,50
SI-DB1,90,60
SI-DB1,90,70
SI-DB1,90,80
SI-DB1,90,90
SN-EC1,0,0
SN-EC1,0,10
SN-EC1,0,20
SN-EC1,0,30
SN-EC1,0,40
SN-EC1,0,50
SN-EC1,0,60
SN-EC1,0,70
SN-EC1,0,80
SN-EC1,0,90
SN-EC1,10,0
SN-EC1,10,10
SN-EC1,10,20
SN-EC1,10,30
SN-EC1,10,40
SN-EC1,10,50
SN-EC1,10,60
SN-EC1,10,70
SN-EC1,10,80
SN-EC1,10,90
SN-EC1,20,0
SN-EC1,20,10
SN-EC1,20,20
SN-EC1,20,30
SN-EC1,20,40
SN-EC1,20,50
SN-EC1,20,60
SN-EC1,20,70
SN-EC1,20,80
SN-EC1,20,90
SN-EC1,30,0
SN-EC1,30,10
SN-EC1,30,20
SN-EC1,30,30
SN-EC1,30,40
SN-EC1,30,50
SN-EC1,30,60
SN-EC1,30,70
SN-EC1,30,80
SN-EC1,30,90
SN-EC1,40,0
SN-EC1,40,10
SN-EC1,40,20
SN-EC1,40,30
SN-EC1,40,40
SN-EC1,40,50
SN-EC1,40,60
SN-EC1,40,70
SN-EC1,40,80
SN-EC1,40,90
SN-EC1,50,0
SN-EC1,50,10
SN-EC1,50,20
SN-EC1,50,30
SN-EC1,50,40
SN-EC1,50,50
SN-EC1,50,60
SN-EC1,50,70
SN-EC1,50,80
SN-EC1,50,90
SN-EC1,60,0
SN-EC1,60,10
SN-EC1,60,20
SN-EC1,60,30
SN-EC1,60,40
SN-EC1,60,50
SN-EC1,60,60
SN-EC1,60,70
SN-EC1,60,80
SN-EC1,60,90
SN-EC1,70,0
SN-EC1,70,10
SN-EC1,70,20
SN-EC1,70,30
SN-EC1,70,40
SN-EC1,70,50
SN-EC1,70,60
SN-EC1,70,70
SN-EC1,70,80
SN-EC1,70,90
SN-EC1,80,0
SN-EC1,80,10
SN-EC1,80,20
SN-EC1,80,30
SN-EC1,80,40
SN-EC1,80,50
SN-EC1,80,60
SN-EC1,80,70
SN-EC1,80,80
SN-EC1,80,90
SN-EC1,90,0
SN-EC1,90,10
SN-EC1,90,20
SN-EC1,90,30
SN-EC1,90,40
SN-EC1,90,50
SN-EC1,90,60
SN-EC1,90,70
SN-EC1,90,80
SN-EC1,90,90
TA-EC1,0,0
TA-EC1,0,10
TA-EC1,0,20
TA-EC1,0,30
TA-EC1,0,40
TA-EC1,0,50
TA-EC1,0,60
TA-EC1,0,70
TA-EC1,0,80
TA-EC1,0,90
TA-EC1,10,0
TA-EC1,10,10
TA-EC1,10,20
TA-EC1,10,30
TA-EC1,10,40
TA-EC1,10,50
TA-EC1,10,60
TA-EC1,10,70
TA-EC1,10,80
TA-EC1,10,90
TA-EC1,20,0
TA-EC1,20,10
TA-EC1,20,20
TA-EC1,20,30
TA-EC1,20,40
TA-EC1,20,50
TA-EC1,20,60
TA-EC1,20,70
TA-EC1,20,80
TA-EC1,20,90
TA-EC1,30,0
TA-EC1,30,10
TA-EC1,30,20
TA-EC1,30,30
TA-EC1,30,40
TA-EC1,30,50
TA-EC1,30,60
TA-EC1,30,70
TA-EC1,30,80
TA-EC1,30,90
TA-EC1,40,0
TA-EC1,40,10
TA-EC1,40,20
TA-EC1,40,30
TA-EC1,40,40
TA-EC1,40,50
TA-EC1,40,60
TA-EC1,40,70
TA-EC1,40,80
TA-EC1,40,90
TA-EC1,50,0
TA-EC1,50,10
TA-EC1,50,20
TA-EC1,50,30
TA-EC1,50,40
TA-EC1,50,50
TA-EC1,50,60
TA-EC1,50,70
TA-EC1,50,80
TA-EC1,50,90
TA-EC1,60,0
TA-EC1,60,10
TA-EC1,60,20
TA-EC1,60,30
TA-EC1,60,40
TA-EC1,60,50
TA-EC1,60,60
TA-EC1,60,70
TA-EC1,60,80
TA-EC1,60,90
TA-EC1,70,0
TA-EC1,70,10
TA-EC1,70,20
TA-EC1,70,30
TA-EC1,70,40
TA-EC1,70,50
TA-EC1,70,60
TA-EC1,70,70
TA-EC1,70,80
TA-EC1,70,90
TA-EC1,80,0
TA-EC1,80,10
TA-EC1,80,20
TA-EC1,80,30
TA-EC1,80,40
TA-EC1,80,50
TA-EC1,80,60
TA-EC1,80,70
TA-EC1,80,80
TA-EC1,80,90
TA-EC1,90,0
TA-EC1,90,10
TA-EC1,90,20
TA-EC1,90,30
TA-EC1,90,40
TA-EC1,90,50
TA-EC1,90,60
TA-EC1,90,70
TA-EC1,90,80
TA-EC1,90,90
TB-DB1,0,0
TB-DB1,0,10
TB-DB1,0,20
TB-DB1,0,30
TB-DB1,0,40
TB-DB1,0,50
TB-DB1,0,60
TB-DB1,0,70
TB-DB1,0,80
TB-DB1,0,90
TB-DB1,10,0
TB-DB1,10,10
TB-DB1,10,20
TB-DB1,10,30
TB-DB1,10,40
TB-DB1,10,50
TB-DB1,10,60
TB-DB1,10,70
TB-DB1,10,80
TB-DB1,10,90
TB-DB1,20,0
TB-DB1,20,10
TB-DB1,20,20
TB-DB1,20,30
TB-DB1,20,40
TB-DB1,20,50
TB-DB1,20,60
TB-DB1,20,70
TB-DB1,20,80
TB-DB1,20,90
TB-DB1,30,0
TB-DB1,30,10
TB-DB1,30,20
TB-DB1,30,30
TB-DB1,30,40
TB-DB1,30,50
TB-DB1,30,60
TB-DB1,30,70
TB-DB1,30,80
TB-DB1,30,90
TB-DB1,40,0
TB-DB1,40,10
TB-DB1,40,20
TB-DB1,40,30
TB-DB1,40,40
TB-DB1,40,50
TB-DB1,40,60
TB-DB1,40,70
TB-DB1,40,80
TB-DB1,40,90
TB-DB1,50,0
TB-DB1,50,10
TB-DB1,50,20
TB-DB1,50,30
TB-DB1,50,40
TB-DB1,50,50
TB-DB1,50,60
TB-DB1,50,70
TB-DB1,50,80
TB-DB1,50,90
TB-DB1,60,0
TB-DB1,60,10
TB-DB1,60,20
TB-DB1,60,30
TB-DB1,60,40
TB-DB1,60,50
TB-DB1,60,60
TB-DB1,60,70
TB-DB1,60,80
TB-DB1,60,90
TB-DB1,70,0
TB-DB1,70,10
TB-DB1,70,20
TB-DB1,70,30
TB-DB1,70,40
TB-DB1,70,50
TB-DB1,70,60
TB-DB1,70,70
TB-DB1,70,80
TB-DB1,70,90
TB-DB1,80,0
TB-DB1,80,10
TB-DB1,80,20
TB-DB1,80,30
TB-DB1,80,40
TB-DB1,80,50
TB-DB1,80,60
TB-DB1,80,70
TB-DB1,80,80
TB-DB1,80,90
TB-DB1,90,0
TB-DB1,90,10
TB-DB1,90,20
TB-DB1,90,30
TB-DB1,90,40
TB-DB1,90,50
TB-DB1,90,60
TB-DB1,90,70
TB-DB1,90,80
TB-DB1,90,90
TK-DB1,0,0
TK-DB1,0,10
TK-DB1,0,20
TK-DB1,0,30
TK-DB1,0,40
TK-DB1,0,50
TK-DB1,0,60
TK-DB1,0,70
TK-DB1,0,80
TK-DB1,0,90
TK-DB1,10,0
TK-DB1,10,10
TK-DB1,10,20
TK-DB1,10,30
TK-DB1,10,40
TK-DB1,10,50
TK-DB1,10,60
TK-DB1,10,70
TK-DB1,10,80
TK-DB1,10,90
TK-DB1,20,0
TK-DB1,20,10
TK-DB1,20,20
TK-DB1,20,30
TK-DB1,20,40
TK-DB1,20,50
TK-DB1,20,60
TK-DB1,20,70
TK-DB1,20,80
TK-DB1,20,90
TK-DB1,30,0
TK-DB1,30,10
TK-DB1,30,20
TK-DB1,30,30
TK-DB1,30,40
TK-DB1,30,50
TK-DB1,30,60
TK-DB1,30,70
TK-DB1,30,80
TK-DB1,30,90
TK-DB1,40,0
TK-DB1,40,10
TK-DB1,40,20
TK-DB1,40,30
TK-DB1,40,40
TK-DB1,40,50
TK-DB1,40,60
TK-DB1,40,70
TK-DB1,40,80
TK-DB1,40,90
TK-DB1,50,0
TK-DB1,50,10
TK-DB1,50,20
TK-DB1,50,30
TK-DB1,50,40
TK-DB1,50,50
TK-DB1,50,60
TK-DB1,50,70
TK-DB1,50,80
TK-DB1,50,90
TK-DB1,60,0
TK-DB1,60,10
TK-DB1,60,20
TK-DB1,60,30
TK-DB1,60,40
TK-DB1,60,50
TK-DB1,60,60
TK-DB1,60,70
TK-DB1,60,80
TK-DB1,60,90
TK-DB1,70,0
TK-DB1,70,10
TK-DB1,70,20
TK-DB1,70,30
TK-DB1,70,40
TK-DB1,70,50
TK-DB1,70,60
TK-DB1,70,70
TK-DB1,70,80
TK-DB1,70,90
TK-DB1,80,0
TK-DB1,80,10
TK-DB1,80,20
TK-DB1,80,30
TK-DB1,80,40
TK-DB1,80,50
TK-DB1,80,60
TK-DB1,80,70
TK-DB1,80,80
TK-DB1,80,90
TK-DB1,90,0
TK-DB1,90,10
TK-DB1,90,20
TK-DB1,90,30
TK-DB1,90,40
TK-DB1,90,50
TK-DB1,90,60
TK-DB1,90,70
TK-DB1,90,80
TK-DB1,90,90
TM-AT2,0,0
TM-AT2,0,10
TM-AT2,0,20
TM-AT2,0,30
TM-AT2,0,40
TM-AT2,10,0
TM-AT2,10,10
TM-AT2,10,20
TM-AT2,10,30
TM-AT2,10,40
TM-AT2,10,50
TM-AT2,20,0
TM-AT2,20,10
TM-AT2,20,20
TM-AT2,20,30
TM-AT2,20,40
TM-AT2,30,0
TM-AT2,30,10
TM-AT2,30,20
TM-AT2,30,30
TM-AT2,30,40
TM-AT2,40,30
TM-AT2,40,40
TM-DB1,0,0
TM-DB1,0,10
TM-DB1,0,20
TM-DB1,0,30
TM-DB1,0,40
TM-DB1,0,50
TM-DB1,0,60
TM-DB1,0,70
TM-DB1,0,80
TM-DB1,0,90
TM-DB1,10,0
TM-DB1,10,10
TM-DB1,10,20
TM-DB1,10,30
TM-DB1,10,40
TM-DB1,10,50
TM-DB1,10,60
TM-DB1,10,70
TM-DB1,10,80
TM-DB1,10,90
TM-DB1,20,0
TM-DB1,20,10
TM-DB1,20,20
TM-DB1,20,30
TM-DB1,20,40
TM-DB1,20,50
TM-DB1,20,60
TM-DB1,20,70
TM-DB1,20,80
TM-DB1,20,90
TM-DB1,30,0
TM-DB1,30,10
TM-DB1,30,20
TM-DB1,30,30
TM-DB1,30,40
TM-DB1,30,50
TM-DB1,30,60
TM-DB1,30,70
TM-DB1,30,80
TM-DB1,30,90
TM-DB1,40,0
TM-DB1,40,10
TM-DB1,40,20
TM-DB1,40,30
TM-DB1,40,40
TM-DB1,40,50
TM-DB1,40,60
TM-DB1,40,70
TM-DB1,40,80
TM-DB1,40,90
TM-DB1,50,0
TM-DB1,50,10
TM-DB1,50,20
TM-DB1,50,30
TM-DB1,50,40
TM-DB1,50,50
TM-DB1,50,60
TM-DB1,50,70
TM-DB1,50,80
TM-DB1,50,90
TM-DB1,60,0
TM-DB1,60,10
TM-DB1,60,20
TM-DB1,60,30
TM-DB1,60,40
TM-DB1,60,50
TM-DB1,60,60
TM-DB1,60,70
TM-DB1,60,80
TM-DB1,60,90
TM-DB1,70,0
TM-DB1,70,10
TM-DB1,70,20
TM-DB1,70,30
TM-DB1,70,40
TM-DB1,70,50
TM-DB1,70,60
TM-DB1,70,70
TM-DB1,70,80
TM-DB1,70,90
TM-DB1,80,0
TM-DB1,80,10
TM-DB1,80,20
TM-DB1,80,30
TM-DB1,80,40
TM-DB1,80,50
TM-DB1,80,60
TM-DB1,80,70
TM-DB1,80,80
TM-DB1,80,90
TM-DB1,90,0
TM-DB1,90,10
TM-DB1,90,20
TM-DB1,90,30
TM-DB1,90,40
TM-DB1,90,50
TM-DB1,90,60
TM-DB1,90,70
TM-DB1,90,80
TM-DB1,90,90
TM-DB2,0,0
TM-DB2,0,10
TM-DB2,0,20
TM-DB2,0,30
TM-DB2,0,40
TM-DB2,0,50
TM-DB2,0,60
TM-DB2,0,70
TM-DB2,0,80
TM-DB2,0,90
TM-DB2,0,100
TM-DB2,0,110
TM-DB2,10,0
TM-DB2,10,10
TM-DB2,10,20
TM-DB2,10,30
TM-DB2,10,40
TM-DB2,10,50
TM-DB2,10,60
TM-DB2,10,70
TM-DB2,10,80
TM-DB2,10,90
TM-DB2,10,100
TM-DB2,10,110
TM-DB2,20,0
TM-DB2,20,10
TM-DB2,20,20
TM-DB2,20,30
TM-DB2,20,40
TM-DB2,20,50
TM-DB2,20,60
TM-DB2,20,70
TM-DB2,20,80
TM-DB2,20,90
TM-DB2,20,100
TM-DB2,20,110
TM-DB2,30,0
TM-DB2,30,10
TM-DB2,30,20
TM-DB2,30,30
TM-DB2,30,40
TM-DB2,30,50
TM-DB2,30,60
TM-DB2,30,70
TM-DB2,30,80
TM-DB2,30,90
TM-DB2,30,100
TM-DB2,30,110
TM-DB2,40,0
TM-DB2,40,10
TM-DB2,40,20
TM-DB2,40,30
TM-DB2,40,40
TM-DB2,40,50
TM-DB2,40,60
TM-DB2,40,70
TM-DB2,40,80
TM-DB2,40,90
TM-DB2,40,100
TM-DB2,40,110
TM-DB2,50,0
TM-DB2,50,10
TM-DB2,50,20
TM-DB2,50,30
TM-DB2,50,40
TM-DB2,50,50
TM-DB2,50,60
TM-DB2,50,70
TM-DB2,50,80
TM-DB2,50,90
TM-DB2,50,100
TM-DB2,50,110
TM-DB2,60,0
TM-DB2,60,10
TM-DB2,60,20
TM-DB2,60,30
TM-DB2,60,40
TM-DB2,60,50
TM-DB2,60,60
TM-DB2,60,70
TM-DB2,60,80
TM-DB2,60,90
TM-DB2,60,100
TM-DB2,60,110
TM-DB2,70,0
TM-DB2,70,10
TM-DB2,70,20
TM-DB2,70,30
TM-DB2,70,40
TM-DB2,70,50
TM-DB2,70,60
TM-DB2,70,70
TM-DB2,70,80
TM-DB2,70,90
TM-DB2,70,100
TM-DB2,70,110
TM-DB2,80,0
TM-DB2,80,10
TM-DB2,80,20
TM-DB2,80,30
TM-DB2,80,40
TM-DB2,80,50
TM-DB2,80,60
TM-DB2,80,70
TM-DB2,80,80
TM-DB2,80,90
TM-DB2,80,100
TM-DB2,80,110
TM-DB2,90,0
TM-DB2,90,10
TM-DB2,90,20
TM-DB2,90,30
TM-DB2,90,40
TM-DB2,90,50
TM-DB2,90,60
TM-DB2,90,70
TM-DB2,90,80
TM-DB2,90,90
TM-DB2,90,100
TM-DB2,90,110
TM-DB3,0,0
TM-DB3,0,10
TM-DB3,0,20
TM-DB3,0,30
TM-DB3,0,40
TM-DB3,0,50
TM-DB3,0,60
TM-DB3,0,70
TM-DB3,0,80
TM-DB3,10,0
TM-DB3,10,10
TM-DB3,10,20
TM-DB3,10,30
TM-DB3,10,40
TM-DB3,10,50
TM-DB3,10,60
TM-DB3,10,70
TM-DB3,10,80
TM-DB3,20,0
TM-DB3,20,10
TM-DB3,20,20
TM-DB3,20,30
TM-DB3,20,40
TM-DB3,20,50
TM-DB3,20,60
TM-DB3,20,70
TM-DB3,20,80
TM-DB3,30,0
TM-DB3,30,10
TM-DB3,30,20
TM-DB3,30,30
TM-DB3,30,40
TM-DB3,30,50
TM-DB3,30,60
TM-DB3,30,70
TM-DB3,30,80
TM-DB3,40,0
TM-DB3,40,10
TM-DB3,40,20
TM-DB3,40,30
TM-DB3,40,40
TM-DB3,40,50
TM-DB3,40,60
TM-DB3,40,70
TM-DB3,40,80
TM-DB3,50,0
TM-DB3,50,10
TM-DB3,50,20
TM-DB3,50,30
TM-DB3,50,40
TM-DB3,50,50
TM-DB3,50,60
TM-DB3,50,70
TM-DB3,50,80
TM-DB3,60,0
TM-DB3,60,10
TM-DB3,60,20
TM-DB3,60,30
TM-DB3,60,40
TM-DB3,60,50
TM-DB3,60,60
TM-DB3,60,70
TM-DB3,60,80
TM-DB3,70,0
TM-DB3,70,10
TM-DB3,70,20
TM-DB3,70,30
TM-DB3,70,40
TM-DB3,70,50
TM-DB3,70,60
TM-DB3,70,70
TM-DB3,70,80
TM-DB3,80,0
TM-DB3,80,10
TM-DB3,80,20
TM-DB3,80,30
TM-DB3,80,40
TM-DB3,80,50
TM-DB3,80,60
TM-DB3,80,70
TM-DB3,80,80
TM-DB4,0,0
TM-DB4,0,10
TM-DB4,0,20
TM-DB4,0,30
TM-DB4,0,40
TM-DB4,0,50
TM-DB4,0,60
TM-DB4,0,70
TM-DB4,0,80
TM-DB4,10,0
TM-DB4,10,10
TM-DB4,10,20
TM-DB4,10,30
TM-DB4,10,40
TM-DB4,10,50
TM-DB4,10,60
TM-DB4,10,70
TM-DB4,10,80
TM-DB4,20,0
TM-DB4,20,10
TM-DB4,20,20
TM-DB4,20,30
TM-DB4,20,40
TM-DB4,20,50
TM-DB4,20,60
TM-DB4,20,70
TM-DB4,20,80
TM-DB4,30,0
TM-DB4,30,10
TM-DB4,30,20
TM-DB4,30,30
TM-DB4,30,40
TM-DB4,30,50
TM-DB4,30,60
TM-DB4,30,70
TM-DB4,30,80
TM-DB4,40,0
TM-DB4,40,10
TM-DB4,40,20
TM-DB4,40,30
TM-DB4,40,40
TM-DB4,40,50
TM-DB4,40,60
TM-DB4,40,70
TM-DB4,40,80
TN-EB1,0,0
TN-EB1,0,10
TN-EB1,0,20
TN-EB1,0,30
TN-EB1,0,40
TN-EB1,0,50
TN-EB1,0,60
TN-EB1,0,70
TN-EB1,0,80
TN-EB1,0,90
TN-EB1,10,0
TN-EB1,10,10
TN-EB1,10,20
TN-EB1,10,30
TN-EB1,10,40
TN-EB1,10,50
TN-EB1,10,60
TN-EB1,10,70
TN-EB1,10,80
TN-EB1,10,90
TN-EB1,20,0
TN-EB1,20,10
TN-EB1,20,20
TN-EB1,20,30
TN-EB1,20,40
TN-EB1,20,50
TN-EB1,20,60
TN-EB1,20,70
TN-EB1,20,80
TN-EB1,20,90
TN-EB1,30,0
TN-EB1,30,10
TN-EB1,30,20
TN-EB1,30,30
TN-EB1,30,40
TN-EB1,30,50
TN-EB1,30,60
TN-EB1,30,70
TN-EB1,30,80
TN-EB1,30,90
TN-EB1,40,0
TN-EB1,40,10
TN-EB1,40,20
TN-EB1,40,30
TN-EB1,40,40
TN-EB1,40,50
TN-EB1,40,60
TN-EB1,40,70
TN-EB1,40,80
TN-EB1,40,90
TN-EB1,50,0
TN-EB1,50,10
TN-EB1,50,20
TN-EB1,50,30
TN-EB1,50,40
TN-EB1,50,50
TN-EB1,50,60
TN-EB1,50,70
TN-EB1,50,80
TN-EB1,50,90
TN-EB1,60,0
TN-EB1,60,10
TN-EB1,60,20
TN-EB1,60,30
TN-EB1,60,40
TN-EB1,60,50
TN-EB1,60,60
TN-EB1,60,70
TN-EB1,60,80
TN-EB1,60,90
TN-EB1,70,0
TN-EB1,70,10
TN-EB1,70,20
TN-EB1,70,30
TN-EB1,70,40
TN-EB1,70,50
TN-EB1,70,60
TN-EB1,70,70
TN-EB1,70,80
TN-EB1,70,90
TN-EB1,80,0
TN-EB1,80,10
TN-EB1,80,20
TN-EB1,80,30
TN-EB1,80,40
TN-EB1,80,50
TN-EB1,80,60
TN-EB1,80,70
TN-EB1,80,80
TN-EB1,80,90
TN-EB1,90,0
TN-EB1,90,10
TN-EB1,90,20
TN-EB1,90,30
TN-EB1,90,40
TN-EB1,90,50
TN-EB1,90,60
TN-EB1,90,70
TN-EB1,90,80
TN-EB1,90,90
TT-EB1,0,0
TT-EB1,0,10
TT-EB1,0,20
TT-EB1,0,30
TT-EB1,0,40
TT-EB1,0,50
TT-EB1,0,60
TT-EB1,0,70
TT-EB1,0,80
TT-EB1,0,90
TT-EB1,10,0
TT-EB1,10,10
TT-EB1,10,20
TT-EB1,10,30
TT-EB1,10,40
TT-EB1,10,50
TT-EB1,10,60
TT-EB1,10,70
TT-EB1,10,80
TT-EB1,10,90
TT-EB1,20,0
TT-EB1,20,10
TT-EB1,20,20
TT-EB1,20,30
TT-EB1,20,40
TT-EB1,20,50
TT-EB1,20,60
TT-EB1,20,70
TT-EB1,20,80
TT-EB1,20,90
TT-EB1,30,0
TT-EB1,30,10
TT-EB1,30,20
TT-EB1,30,30
TT-EB1,30,40
TT-EB1,30,50
TT-EB1,30,60
TT-EB1,30,70
TT-EB1,30,80
TT-EB1,30,90
TT-EB1,40,0
TT-EB1,40,10
TT-EB1,40,20
TT-EB1,40,30
TT-EB1,40,40
TT-EB1,40,50
TT-EB1,40,60
TT-EB1,40,70
TT-EB1,40,80
TT-EB1,40,90
TT-EB1,50,0
TT-EB1,50,10
TT-EB1,50,20
TT-EB1,50,30
TT-EB1,50,40
TT-EB1,50,50
TT-EB1,50,60
TT-EB1,50,70
TT-EB1,50,80
TT-EB1,50,90
TT-EB1,60,0
TT-EB1,60,10
TT-EB1,60,20
TT-EB1,60,30
TT-EB1,60,40
TT-EB1,60,50
TT-EB1,60,60
TT-EB1,60,70
TT-EB1,60,80
TT-EB1,60,90
TT-EB1,70,0
TT-EB1,70,10
TT-EB1,70,20
TT-EB1,70,30
TT-EB1,70,40
TT-EB1,70,50
TT-EB1,70,60
TT-EB1,70,70
TT-EB1,70,80
TT-EB1,70,90
TT-EB1,80,0
TT-EB1,80,10
TT-EB1,80,20
TT-EB1,80,30
TT-EB1,80,40
TT-EB1,80,50
TT-EB1,80,60
TT-EB1,80,70
TT-EB1,80,80
TT-EB1,80,90
TT-EB1,90,0
TT-EB1,90,10
TT-EB1,90,20
TT-EB1,90,30
TT-EB1,90,40
TT-EB1,90,50
TT-EB1,90,60
TT-EB1,90,70
TT-EB1,90,80
TT-EB1,90,90
TZ-DB1,0,0
TZ-DB1,0,10
TZ-DB1,0,20
TZ-DB1,0,30
TZ-DB1,0,40
TZ-DB1,0,50
TZ-DB1,0,60
TZ-DB1,0,70
TZ-DB1,0,80
TZ-DB1,0,90
TZ-DB1,10,0
TZ-DB1,10,10
TZ-DB1,10,20
TZ-DB1,10,30
TZ-DB1,10,40
TZ-DB1,10,50
TZ-DB1,10,60
TZ-DB1,10,70
TZ-DB1,10,80
TZ-DB1,10,90
TZ-DB1,20,0
TZ-DB1,20,10
TZ-DB1,20,20
TZ-DB1,20,30
TZ-DB1,20,40
TZ-DB1,20,50
TZ-DB1,20,60
TZ-DB1,20,70
TZ-DB1,20,80
TZ-DB1,20,90
TZ-DB1,30,0
TZ-DB1,30,10
TZ-DB1,30,20
TZ-DB1,30,30
TZ-DB1,30,40
TZ-DB1,30,50
TZ-DB1,30,60
TZ-DB1,30,70
TZ-DB1,30,80
TZ-DB1,30,90
TZ-DB1,40,0
TZ-DB1,40,10
TZ-DB1,40,20
TZ-DB1,40,30
TZ-DB1,40,40
TZ-DB1,40,50
TZ-DB1,40,60
TZ-DB1,40,70
TZ-DB1,40,80
TZ-DB1,40,90
TZ-DB1,50,0
TZ-DB1,50,10
TZ-DB1,50,20
TZ-DB1,50,30
TZ-DB1,50,40
TZ-DB1,50,50
TZ-DB1,50,60
TZ-DB1,50,70
TZ-DB1,50,80
TZ-DB1,50,90
TZ-DB1,60,0
TZ-DB1,60,10
TZ-DB1,60,20
TZ-DB1,60,30
TZ-DB1,60,40
TZ-DB1,60,50
TZ-DB1,60,60
TZ-DB1,60,70
TZ-DB1,60,80
TZ-DB1,60,90
TZ-DB1,70,0
TZ-DB1,70,10
TZ-DB1,70,20
TZ-DB1,70,30
TZ-DB1,70,40
TZ-DB1,70,50
TZ-DB1,70,60
TZ-DB1,70,70
TZ-DB1,70,80
TZ-DB1,70,90
TZ-DB1,80,0
TZ-DB1,80,10
TZ-DB1,80,20
TZ-DB1,80,30
TZ-DB1,80,40
TZ-DB1,80,50
TZ-DB1,80,60
TZ-DB1,80,70
TZ-DB1,80,80
TZ-DB1,80,90
TZ-DB1,90,0
TZ-DB1,90,10
TZ-DB1,90,20
TZ-DB1,90,30
TZ-DB1,90,40
TZ-DB1,90,50
TZ-DB1,90,60
TZ-DB1,90,70
TZ-DB1,90,80
TZ-DB1,90,90
UR-BC1,0,0
UR-BC1,0,20
UR-BC1,0,30
UR-BC1,0,40
UR-BC1,0,50
UR-BC1,0,60
UR-BC1,0,70
UR-BC1,0,80
UR-BC1,0,90
UR-BC1,0,100
UR-BC1,0,110
UR-BC1,0,120
UR-BC1,0,130
UR-BC1,0,140
UR-BC1,0,150
UR-BC1,10,0
UR-BC1,10,10
UR-BC1,10,20
UR-BC1,10,30
UR-BC1,10,40
UR-BC1,10,50
UR-BC1,10,60
UR-BC1,10,70
UR-BC1,10,80
UR-BC1,10,90
UR-BC1,10,100
UR-BC1,10,110
UR-BC1,10,120
UR-BC1,10,130
UR-BC1,10,140
UR-BC1,20,0
UR-BC1,20,10
UR-BC1,20,20
UR-BC1,20,30
UR-BC1,20,40
UR-BC1,20,50
UR-BC1,20,60
UR-BC1,20,70
UR-BC1,20,80
UR-BC1,20,90
UR-BC1,20,100
UR-BC1,20,110
UR-BC1,20,120
UR-BC1,20,130
UR-BC1,20,140
UR-BC1,30,0
UR-BC1,30,10
UR-BC1,30,20
UR-BC1,30,30
UR-BC1,30,40
UR-BC1,30,50
UR-BC1,30,60
UR-BC1,30,70
UR-BC1,30,80
UR-BC1,30,90
UR-BC1,30,100
UR-BC1,30,110
UR-BC1,30,120
UR-BC1,30,130
UR-BC1,30,140
UR-BC1,40,0
UR-BC1,40,10
UR-BC1,40,20
UR-BC1,40,30
UR-BC1,40,40
UR-BC1,40,50
UR-BC1,40,60
UR-BC1,40,70
UR-BC1,40,80
UR-BC1,40,90
UR-BC1,40,100
UR-BC1,40,110
UR-BC1,40,120
UR-BC1,40,130
UR-BC1,40,140
UR-BC1,50,0
UR-BC1,50,10
UR-BC1,50,20
UR-BC1,50,30
UR-BC1,50,40
UR-BC1,50,50
UR-BC1,50,60
UR-BC1,50,70
UR-BC1,50,80
UR-BC1,50,90
UR-BC1,50,100
UR-BC1,50,110
UR-BC1,50,120
UR-BC1,50,130
UR-BC1,50,140
UR-BC1,60,0
UR-BC1,60,10
UR-BC1,60,20
UR-BC1,60,30
UR-BC1,60,40
UR-BC1,60,50
UR-BC1,60,60
UR-BC1,60,70
UR-BC1,60,80
UR-BC1,60,90
UR-BC1,60,100
UR-BC1,60,110
UR-BC1,60,120
UR-BC1,60,130
UR-BC1,60,140
UR-BC1,70,0
UR-BC1,70,10
UR-BC1,70,20
UR-BC1,70,30
UR-BC1,70,40
UR-BC1,70,50
UR-BC1,70,60
UR-BC1,70,70
UR-BC1,70,80
UR-BC1,70,90
UR-BC1,70,100
UR-BC1,70,110
UR-BC1,70,120
UR-BC1,70,130
UR-BC1,70,140
WK-EC1,0,0
WK-EC1,0,10
WK-EC1,0,20
WK-EC1,0,30
WK-EC1,0,40
WK-EC1,0,50
WK-EC1,0,60
WK-EC1,0,70
WK-EC1,0,80
WK-EC1,0,90
WK-EC1,10,0
WK-EC1,10,10
WK-EC1,10,20
WK-EC1,10,30
WK-EC1,10,40
WK-EC1,10,50
WK-EC1,10,60
WK-EC1,10,70
WK-EC1,10,80
WK-EC1,10,90
WK-EC1,20,0
WK-EC1,20,10
WK-EC1,20,20
WK-EC1,20,30
WK-EC1,20,40
WK-EC1,20,50
WK-EC1,20,60
WK-EC1,20,70
WK-EC1,20,80
WK-EC1,20,90
WK-EC1,30,0
WK-EC1,30,10
WK-EC1,30,20
WK-EC1,30,30
WK-EC1,30,40
WK-EC1,30,50
WK-EC1,30,60
WK-EC1,30,70
WK-EC1,30,80
WK-EC1,30,90
WK-EC1,40,0
WK-EC1,40,10
WK-EC1,40,20
WK-EC1,40,30
WK-EC1,40,40
WK-EC1,40,50
WK-EC1,40,60
WK-EC1,40,70
WK-EC1,40,80
WK-EC1,40,90
WK-EC1,50,0
WK-EC1,50,10
WK-EC1,50,20
WK-EC1,50,30
WK-EC1,50,40
WK-EC1,50,50
WK-EC1,50,60
WK-EC1,50,70
WK-EC1,50,80
WK-EC1,50,90
WK-EC1,60,0
WK-EC1,60,10
WK-EC1,60,20
WK-EC1,60,30
WK-EC1,60,40
WK-EC1,60,50
WK-EC1,60,60
WK-EC1,60,70
WK-EC1,60,80
WK-EC1,60,90
WK-EC1,70,0
WK-EC1,70,10
WK-EC1,70,20
WK-EC1,70,30
WK-EC1,70,40
WK-EC1,70,50
WK-EC1,70,60
WK-EC1,70,70
WK-EC1,70,80
WK-EC1,70,90
WK-EC1,80,0
WK-EC1,80,10
WK-EC1,80,20
WK-EC1,80,30
WK-EC1,80,40
WK-EC1,80,50
WK-EC1,80,60
WK-EC1,80,70
WK-EC1,80,80
WK-EC1,80,90
WK-EC1,90,0
WK-EC1,90,10
WK-EC1,90,20
WK-EC1,90,30
WK-EC1,90,40
WK-EC1,90,50
WK-EC1,90,60
WK-EC1,90,70
WK-EC1,90,80
WK-EC1,90,90
YK-EB1,0,0
YK-EB1,0,10
YK-EB1,0,20
YK-EB1,0,30
YK-EB1,0,40
YK-EB1,0,50
YK-EB1,0,60
YK-EB1,0,70
YK-EB1,0,80
YK-EB1,0,90
YK-EB1,10,0
YK-EB1,10,10
YK-EB1,10,20
YK-EB1,10,30
YK-EB1,10,40
YK-EB1,10,50
YK-EB1,10,60
YK-EB1,10,70
YK-EB1,10,80
YK-EB1,10,90
YK-EB1,20,0
YK-EB1,20,10
YK-EB1,20,20
YK-EB1,20,30
YK-EB1,20,40
YK-EB1,20,50
YK-EB1,20,60
YK-EB1,20,70
YK-EB1,20,80
YK-EB1,20,90
YK-EB1,30,0
YK-EB1,30,10
YK-EB1,30,20
YK-EB1,30,30
YK-EB1,30,40
YK-EB1,30,50
YK-EB1,30,60
YK-EB1,30,70
YK-EB1,30,80
YK-EB1,30,90
YK-EB1,40,0
YK-EB1,40,10
YK-EB1,40,20
YK-EB1,40,30
YK-EB1,40,40
YK-EB1,40,50
YK-EB1,40,60
YK-EB1,40,70
YK-EB1,40,80
YK-EB1,40,90
YK-EB1,50,0
YK-EB1,50,10
YK-EB1,50,20
YK-EB1,50,30
YK-EB1,50,40
YK-EB1,50,50
YK-EB1,50,60
YK-EB1,50,70
YK-EB1,50,80
YK-EB1,50,90
YK-EB1,60,0
YK-EB1,60,10
YK-EB1,60,20
YK-EB1,60,30
YK-EB1,60,40
YK-EB1,60,50
YK-EB1,60,60
YK-EB1,60,70
YK-EB1,60,80
YK-EB1,60,90
YK-EB1,70,0
YK-EB1,70,10
YK-EB1,70,20
YK-EB1,70,30
YK-EB1,70,40
YK-EB1,70,50
YK-EB1,70,60
YK-EB1,70,70
YK-EB1,70,80
YK-EB1,70,90
YK-EB1,80,0
YK-EB1,80,10
YK-EB1,80,20
YK-EB1,80,30
YK-EB1,80,40
YK-EB1,80,50
YK-EB1,80,60
YK-EB1,80,70
YK-EB1,80,80
YK-EB1,80,90
YK-EB1,90,0
YK-EB1,90,10
YK-EB1,90,20
YK-EB1,90,30
YK-EB1,90,40
YK-EB1,90,50
YK-EB1,90,60
YK-EB1,90,70
YK-EB1,90,80
YK-EB1,90,90
YN-EB1,0,0
YN-EB1,0,10
YN-EB1,0,20
YN-EB1,0,30
YN-EB1,0,40
YN-EB1,0,50
YN-EB1,0,60
YN-EB1,0,70
YN-EB1,0,80
YN-EB1,0,90
YN-EB1,10,0
YN-EB1,10,10
YN-EB1,10,20
YN-EB1,10,30
YN-EB1,10,40
YN-EB1,10,50
YN-EB1,10,60
YN-EB1,10,70
YN-EB1,10,80
YN-EB1,10,90
YN-EB1,20,0
YN-EB1,20,10
YN-EB1,20,20
YN-EB1,20,30
YN-EB1,20,40
YN-EB1,20,50
YN-EB1,20,60
YN-EB1,20,70
YN-EB1,20,80
YN-EB1,20,90
YN-EB1,30,0
YN-EB1,30,10
YN-EB1,30,20
YN-EB1,30,30
YN-EB1,30,40
YN-EB1,30,50
YN-EB1,30,60
YN-EB1,30,70
YN-EB1,30,80
YN-EB1,30,90
YN-EB1,40,0
YN-EB1,40,10
YN-EB1,40,20
YN-EB1,40,30
YN-EB1,40,40
YN-EB1,40,50
YN-EB1,40,60
YN-EB1,40,70
YN-EB1,40,80
YN-EB1,40,90
YN-EB1,50,0
YN-EB1,50,10
YN-EB1,50,20
YN-EB1,50,30
YN-EB1,50,40
YN-EB1,50,50
YN-EB1,50,60
YN-EB1,50,70
YN-EB1,50,80
YN-EB1,50,90
YN-EB1,60,0
YN-EB1,60,10
YN-EB1,60,20
YN-EB1,60,30
YN-EB1,60,40
YN-EB1,60,50
YN-EB1,60,60
YN-EB1,60,70
YN-EB1,60,80
YN-EB1,60,90
YN-EB1,70,0
YN-EB1,70,10
YN-EB1,70,20
YN-EB1,70,30
YN-EB1,70,40
YN-EB1,70,50
YN-EB1,70,60
YN-EB1,70,70
YN-EB1,70,80
YN-EB1,70,90
YN-EB1,80,0
YN-EB1,80,10
YN-EB1,80,20
YN-EB1,80,30
YN-EB1,80,40
YN-EB1,80,50
YN-EB1,80,60
YN-EB1,80,70
YN-EB1,80,80
YN-EB1,80,90
YN-EB1,90,0
YN-EB1,90,10
YN-EB1,90,20
YN-EB1,90,30
YN-EB1,90,40
YN-EB1,90,50
YN-EB1,90,60
YN-EB1,90,70
YN-EB1,90,80
YN-EB1,90,90
YS-EC1,0,0
YS-EC1,0,10
YS-EC1,0,20
YS-EC1,0,30
YS-EC1,0,40
YS-EC1,0,50
YS-EC1,0,60
YS-EC1,0,70
YS-EC1,0,80
YS-EC1,0,90
YS-EC1,10,0
YS-EC1,10,10
YS-EC1,10,20
YS-EC1,10,30
YS-EC1,10,40
YS-EC1,10,50
YS-EC1,10,60
YS-EC1,10,70
YS-EC1,10,80
YS-EC1,10,90
YS-EC1,20,0
YS-EC1,20,10
YS-EC1,20,20
YS-EC1,20,30
YS-EC1,20,40
YS-EC1,20,50
YS-EC1,20,60
YS-EC1,20,70
YS-EC1,20,80
YS-EC1,20,90
YS-EC1,30,0
YS-EC1,30,10
YS-EC1,30,20
YS-EC1,30,30
YS-EC1,30,40
YS-EC1,30,50
YS-EC1,30,60
YS-EC1,30,70
YS-EC1,30,80
YS-EC1,30,90
YS-EC1,40,0
YS-EC1,40,10
YS-EC1,40,20
YS-EC1,40,30
YS-EC1,40,40
YS-EC1,40,50
YS-EC1,40,60
YS-EC1,40,70
YS-EC1,40,80
YS-EC1,40,90
YS-EC1,50,0
YS-EC1,50,10
YS-EC1,50,20
YS-EC1,50,30
YS-EC1,50,40
YS-EC1,50,50
YS-EC1,50,60
YS-EC1,50,70
YS-EC1,50,80
YS-EC1,50,90
YS-EC1,60,0
YS-EC1,60,10
YS-EC1,60,20
YS-EC1,60,30
YS-EC1,60,40
YS-EC1,60,50
YS-EC1,60,60
YS-EC1,60,70
YS-EC1,60,80
YS-EC1,60,90
YS-EC1,70,0
YS-EC1,70,10
YS-EC1,70,20
YS-EC1,70,30
YS-EC1,70,40
YS-EC1,70,50
YS-EC1,70,60
YS-EC1,70,70
YS-EC1,70,80
YS-EC1,70,90
YS-EC1,80,0
YS-EC1,80,10
YS-EC1,80,20
YS-EC1,80,30
YS-EC1,80,40
YS-EC1,80,50
YS-EC1,80,60
YS-EC1,80,70
YS-EC1,80,80
YS-EC1,80,90
YS-EC1,90,0
YS-EC1,90,10
YS-EC1,90,20
YS-EC1,90,30
YS-EC1,90,40
YS-EC1,90,50
YS-EC1,90,60
YS-EC1,90,70
YS-EC1,90,80
YS-EC1,90,90