plotid,tag_no,target,reason,response
AS-DB1,235,gbh18,成長量が基準値より小さい、測定間違い？,2019年4月22日に再計測するも142.8cmと前年値より小さい．樹皮剥がれの影響？
AS-DB1,235,gbh18,成長量が基準値より小さい。測定ミス？,問題なし。樹皮剥がれ
AS-DB1,243,gbh18,成長量が基準値より小さい、測定間違い？,2019年4月22日に再計測するも201.6cmと前年値より小さい．幹折で計測部位の幹に洞有り．大枝のみ生きている衰弱木のため縮んでいる？
AS-DB1,243,gbh18,成長量が基準値より小さい。測定ミス？,問題なし。幹折れ
AS-DB1,766,gbh10,成長量が基準値より小さい。測定ミス？,問題なし。古樹皮はぎ(シカ)
AS-DB1,780,gbh14,成長量が基準値より小さい。測定ミス？,問題なし。前年に測定位置変更
AU-EC1,583,gbh16,誤って「測定間違い」となっている可能性あり,前後関係からおかしいと判断
AU-EC1,583,gbh16,誤って「nd: 測定間違い」となっている可能性あり,正しく測定間違い
AU-EC1,693,gbh16,誤って「測定間違い」となっている可能性あり,前後関係からおかしいと判断
AU-EC1,693,gbh15,成長量が基準値より大きい。測定ミス？,原因不明。測定間違いか？
AU-EC1,693,gbh17,成長量が基準値より小さい。測定ミス？,原因不明。測定間違いか？Gbh16の測定値の前にndを入力
AU-EC1,701,gbh15,成長量が基準値より小さい、測定間違い？,原因不明。測定間違いか？
AU-EC1,701,gbh15,成長量が基準値より小さい、測定間違い？,この個体の測定値は安定していないので例外処理
AU-EC1,701,gbh15,成長量が基準値より小さい。測定ミス？,原因不明。測定間違いか？　この個体の測定値は安定していないので例外処理
AU-EC1,762,gbh10,誤って「nd: 測定間違い」となっている可能性あり,正しく測定間違い
AU-EC1,762,gbh11,誤って「nd: 測定間違い」となっている可能性あり,正しく測定間違い
AU-EC1,1142,gbh12,成長量が基準値より小さい、測定間違い？,間違いではない。測定位置付近の材不朽、剥落によるgbh減少のため
AY-EB1,7203,gbh12=na で gbh13=26.7,新規加入個体だが、「当年のgbhは22cm以上＆前年はna」のため前年計測忘れの疑い,成長速度が速い樹種のため問題なしと考え，そのままにした
CC-DB1,0003_016,stem_x y,測定値がない,変更なし（nd）。枯死・消失のため測量データ入手不可
CC-DB1,0003_025,stem_x y,測定値がない,変更なし（nd）。枯死・消失のため測量データ入手不可
CC-DB1,0003_034,stem_x y,測定値がない,変更なし（nd）。枯死・消失のため測量データ入手不可
CC-DB1,0003_036,stem_x y,測定値がない,変更なし（nd）。枯死・消失のため測量データ入手不可
CC-DB1,0003_043,stem_x y,測定値がない,変更なし（nd）。枯死・消失のため測量データ入手不可
CC-DB1,0003_046,stem_x y,測定値がない,変更なし（nd）。枯死・消失のため測量データ入手不可
CC-DB1,0003_051,stem_x y,測定値がない,変更なし（nd）。枯死・消失のため測量データ入手不可
CC-DB1,0003_059,stem_x y,測定値がない,変更なし（nd）。枯死・消失のため測量データ入手不可
CC-DB1,0003_061,stem_x y,測定値がない,変更なし（nd）。枯死・消失のため測量データ入手不可
CC-DB1,0003_064,stem_x y,測定値がない,変更なし（nd）。枯死・消失のため測量データ入手不可
CC-DB1,0004_107,stem_x y,測定値がない,変更なし（nd）。枯死・消失のため測量データ入手不可
CC-DB1,0004_114,stem_x y,測定値がない,変更なし（nd）。枯死・消失のため測量データ入手不可
CC-DB1,0004_115,stem_x y,測定値がない,変更なし（nd）。枯死・消失のため測量データ入手不可
CC-DB1,0004_118,stem_x y,測定値がない,変更なし（nd）。枯死・消失のため測量データ入手不可
CC-DB1,0004_123,stem_x y,測定値がない,変更なし（nd）。枯死・消失のため測量データ入手不可
CC-DB1,0004_125,stem_x y,測定値がない,変更なし（nd）。枯死・消失のため測量データ入手不可
CC-DB1,0004_128,stem_x y,測定値がない,変更なし（nd）。枯死・消失のため測量データ入手不可
CC-DB1,0004_134,stem_x y,測定値がない,変更なし（nd）。枯死・消失のため測量データ入手不可
CC-DB1,0004_135,stem_x y,測定値がない,変更なし（nd）。枯死・消失のため測量データ入手不可
CC-DB1,0004_143,stem_x y,測定値がない,変更なし（nd）。枯死・消失のため測量データ入手不可
CC-DB1,0004_146,stem_x y,測定値がない,変更なし（nd）。枯死・消失のため測量データ入手不可
CC-DB1,0004_165,stem_x y,測定値がない,変更なし（nd）。枯死・消失のため測量データ入手不可
CC-DB1,0004_168,stem_x y,測定値がない,変更なし（nd）。枯死・消失のため測量データ入手不可
CC-DB1,0004_169,stem_x y,測定値がない,変更なし（nd）。枯死・消失のため測量データ入手不可
CC-DB1,0004_176,stem_x y,測定値がない,変更なし（nd）。枯死・消失のため測量データ入手不可
CC-DB1,0004_184,stem_x y,測定値がない,変更なし（nd）。枯死・消失のため測量データ入手不可
CC-DB1,0004_185,stem_x y,測定値がない,変更なし（nd）。枯死・消失のため測量データ入手不可
CC-DB1,0004_186,stem_x y,測定値がない,変更なし（nd）。枯死・消失のため測量データ入手不可
CC-DB1,0004_187,stem_x y,測定値がない,変更なし（nd）。枯死・消失のため測量データ入手不可
CC-DB1,0004_188,stem_x y,測定値がない,変更なし（nd）。枯死・消失のため測量データ入手不可
CC-DB1,0004_194,stem_x y,測定値がない,変更なし（nd）。枯死・消失のため測量データ入手不可
CC-DB1,0004_195,stem_x y,測定値がない,変更なし（nd）。枯死・消失のため測量データ入手不可
CC-DB1,0004_197,stem_x y,測定値がない,変更なし（nd）。枯死・消失のため測量データ入手不可
CC-DB1,0004_203,stem_x y,測定値がない,変更なし（nd）。枯死・消失のため測量データ入手不可
CC-DB1,0005_001,stem_x y,測定値がない,変更なし（nd）。枯死・消失のため測量データ入手不可
CC-DB1,0005_006,stem_x y,測定値がない,変更なし（nd）。枯死・消失のため測量データ入手不可
CC-DB1,0005_007,stem_x y,測定値がない,変更なし（nd）。枯死・消失のため測量データ入手不可
CC-DB1,0005_008,stem_x y,測定値がない,変更なし（nd）。枯死・消失のため測量データ入手不可
CC-DB1,0005_012,stem_x y,測定値がない,変更なし（nd）。枯死・消失のため測量データ入手不可
CC-DB1,0005_030,stem_x y,測定値がない,変更なし（nd）。枯死・消失のため測量データ入手不可
CC-DB1,0005_035,stem_x y,測定値がない,変更なし（nd）。枯死・消失のため測量データ入手不可
CC-DB1,0005_036,stem_x y,測定値がない,変更なし（nd）。枯死・消失のため測量データ入手不可
CC-DB1,0005_047,stem_x y,測定値がない,変更なし（nd）。枯死・消失のため測量データ入手不可
CC-DB1,0005_052,stem_x y,測定値がない,変更なし（nd）。枯死・消失のため測量データ入手不可
CC-DB1,0005_053,stem_x y,測定値がない,変更なし（nd）。枯死・消失のため測量データ入手不可
CC-DB1,0005_054,stem_x y,測定値がない,変更なし（nd）。枯死・消失のため測量データ入手不可
CC-DB1,0005_059,stem_x y,測定値がない,変更なし（nd）。枯死・消失のため測量データ入手不可
CC-DB1,0005_064,stem_x y,測定値がない,変更なし（nd）。枯死・消失のため測量データ入手不可
CC-DB1,0005_085,stem_x y,測定値がない,変更なし（nd）。枯死・消失のため測量データ入手不可
CC-DB1,0005_089,stem_x y,測定値がない,変更なし（nd）。枯死・消失のため測量データ入手不可
CC-DB1,0005_090,stem_x y,測定値がない,変更なし（nd）。枯死・消失のため測量データ入手不可
CC-DB1,0005_099,stem_x y,測定値がない,変更なし（nd）。枯死・消失のため測量データ入手不可
CC-DB1,0005_100,stem_x y,測定値がない,変更なし（nd）。枯死・消失のため測量データ入手不可
CC-DB1,0005_103,stem_x y,測定値がない,変更なし（nd）。枯死・消失のため測量データ入手不可
CC-DB1,0005_104,stem_x y,測定値がない,変更なし（nd）。枯死・消失のため測量データ入手不可
CC-DB1,0005_105,stem_x y,測定値がない,変更なし（nd）。枯死・消失のため測量データ入手不可
CC-DB1,0005_106,stem_x y,測定値がない,変更なし（nd）。枯死・消失のため測量データ入手不可
CC-DB1,0005_123,stem_x y,測定値がない,変更なし（nd）。枯死・消失のため測量データ入手不可
CC-DB1,0005_126,stem_x y,測定値がない,変更なし（nd）。枯死・消失のため測量データ入手不可
CC-DB1,0005_130,stem_x y,測定値がない,変更なし（nd）。枯死・消失のため測量データ入手不可
CC-DB1,0006_107,stem_x y,測定値がない,変更なし（nd）。枯死・消失のため測量データ入手不可
CC-DB1,0006_113,stem_x y,測定値がない,変更なし（nd）。枯死・消失のため測量データ入手不可
CC-DB1,0006_116,stem_x y,測定値がない,変更なし（nd）。枯死・消失のため測量データ入手不可
CC-DB1,0006_129,stem_x y,測定値がない,変更なし（nd）。枯死・消失のため測量データ入手不可
CC-DB1,0006_133,stem_x y,測定値がない,変更なし（nd）。枯死・消失のため測量データ入手不可
CC-DB1,0006_134,stem_x y,測定値がない,変更なし（nd）。枯死・消失のため測量データ入手不可
CC-DB1,0006_145,stem_x y,測定値がない,変更なし（nd）。枯死・消失のため測量データ入手不可
CC-DB1,0006_160,stem_x y,測定値がない,変更なし（nd）。枯死・消失のため測量データ入手不可
CC-DB1,0006_197,stem_x y,測定値がない,変更なし（nd）。枯死・消失のため測量データ入手不可
CC-DB1,0006_199,stem_x y,測定値がない,変更なし（nd）。枯死・消失のため測量データ入手不可
CC-DB1,0006_200,stem_x y,測定値がない,変更なし（nd）。枯死・消失のため測量データ入手不可
CC-DB1,0103_002,stem_x y,測定値がない,変更なし（nd）。枯死・消失のため測量データ入手不可
CC-DB1,0103_006,stem_x y,測定値がない,変更なし（nd）。枯死・消失のため測量データ入手不可
CC-DB1,0103_012,stem_x y,測定値がない,変更なし（nd）。枯死・消失のため測量データ入手不可
CC-DB1,0103_016,stem_x y,測定値がない,変更なし（nd）。枯死・消失のため測量データ入手不可
CC-DB1,0103_026,stem_x y,測定値がない,変更なし（nd）。枯死・消失のため測量データ入手不可
CC-DB1,0103_032,stem_x y,測定値がない,変更なし（nd）。枯死・消失のため測量データ入手不可
CC-DB1,0103_050,stem_x y,測定値がない,変更なし（nd）。枯死・消失のため測量データ入手不可
CC-DB1,0103_057,stem_x y,測定値がない,変更なし（nd）。枯死・消失のため測量データ入手不可
CC-DB1,0103_061,stem_x y,測定値がない,変更なし（nd）。枯死・消失のため測量データ入手不可
CC-DB1,0104_002,stem_x y,測定値がない,変更なし（nd）。枯死・消失のため測量データ入手不可
CC-DB1,0104_007,stem_x y,測定値がない,変更なし（nd）。枯死・消失のため測量データ入手不可
CC-DB1,0104_008,stem_x y,測定値がない,変更なし（nd）。枯死・消失のため測量データ入手不可
CC-DB1,0104_013,stem_x y,測定値がない,変更なし（nd）。枯死・消失のため測量データ入手不可
CC-DB1,0104_019,stem_x y,測定値がない,変更なし（nd）。枯死・消失のため測量データ入手不可
CC-DB1,0104_026,stem_x y,測定値がない,変更なし（nd）。枯死・消失のため測量データ入手不可
CC-DB1,0104_028,stem_x y,測定値がない,変更なし（nd）。枯死・消失のため測量データ入手不可
CC-DB1,0104_033,stem_x y,測定値がない,変更なし（nd）。枯死・消失のため測量データ入手不可
CC-DB1,0104_037,stem_x y,測定値がない,変更なし（nd）。枯死・消失のため測量データ入手不可
CC-DB1,0104_040,stem_x y,測定値がない,変更なし（nd）。枯死・消失のため測量データ入手不可
CC-DB1,0104_045,stem_x y,測定値がない,変更なし（nd）。枯死・消失のため測量データ入手不可
CC-DB1,0104_051,stem_x y,測定値がない,変更なし（nd）。枯死・消失のため測量データ入手不可
CC-DB1,0104_052,stem_x y,測定値がない,変更なし（nd）。枯死・消失のため測量データ入手不可
CC-DB1,0104_054,stem_x y,測定値がない,変更なし（nd）。枯死・消失のため測量データ入手不可
CC-DB1,0104_061,stem_x y,測定値がない,変更なし（nd）。枯死・消失のため測量データ入手不可
CC-DB1,0104_064,stem_x y,測定値がない,変更なし（nd）。枯死・消失のため測量データ入手不可
CC-DB1,0104_065,stem_x y,測定値がない,変更なし（nd）。枯死・消失のため測量データ入手不可
CC-DB1,0104_088,stem_x y,測定値がない,変更なし（nd）。枯死・消失のため測量データ入手不可
CC-DB1,0105_009,stem_x y,測定値がない,変更なし（nd）。枯死・消失のため測量データ入手不可
CC-DB1,0105_012,stem_x y,測定値がない,変更なし（nd）。枯死・消失のため測量データ入手不可
CC-DB1,0105_017,stem_x y,測定値がない,変更なし（nd）。枯死・消失のため測量データ入手不可
CC-DB1,0105_018,stem_x y,測定値がない,変更なし（nd）。枯死・消失のため測量データ入手不可
CC-DB1,0105_020,stem_x y,測定値がない,変更なし（nd）。枯死・消失のため測量データ入手不可
CC-DB1,0105_022,stem_x y,測定値がない,変更なし（nd）。枯死・消失のため測量データ入手不可
CC-DB1,0105_027,stem_x y,測定値がない,変更なし（nd）。枯死・消失のため測量データ入手不可
CC-DB1,0105_030,stem_x y,測定値がない,変更なし（nd）。枯死・消失のため測量データ入手不可
CC-DB1,0105_036,stem_x y,測定値がない,変更なし（nd）。枯死・消失のため測量データ入手不可
CC-DB1,0105_037,stem_x y,測定値がない,変更なし（nd）。枯死・消失のため測量データ入手不可
CC-DB1,0105_044,stem_x y,測定値がない,変更なし（nd）。枯死・消失のため測量データ入手不可
CC-DB1,0105_048,stem_x y,測定値がない,変更なし（nd）。枯死・消失のため測量データ入手不可
CC-DB1,0105_051,stem_x y,測定値がない,変更なし（nd）。枯死・消失のため測量データ入手不可
CC-DB1,0105_054,stem_x y,測定値がない,変更なし（nd）。枯死・消失のため測量データ入手不可
CC-DB1,0105_056,stem_x y,測定値がない,変更なし（nd）。枯死・消失のため測量データ入手不可
CC-DB1,0105_062,stem_x y,測定値がない,変更なし（nd）。枯死・消失のため測量データ入手不可
CC-DB1,0105_063,stem_x y,測定値がない,変更なし（nd）。枯死・消失のため測量データ入手不可
CC-DB1,0105_064,stem_x y,測定値がない,変更なし（nd）。枯死・消失のため測量データ入手不可
CC-DB1,0105_066,stem_x y,測定値がない,変更なし（nd）。枯死・消失のため測量データ入手不可
CC-DB1,0105_068,stem_x y,測定値がない,変更なし（nd）。枯死・消失のため測量データ入手不可
CC-DB1,0105_076,stem_x y,測定値がない,変更なし（nd）。枯死・消失のため測量データ入手不可
CC-DB1,0105_083,stem_x y,測定値がない,変更なし（nd）。枯死・消失のため測量データ入手不可
CC-DB1,0105_089,stem_x y,測定値がない,変更なし（nd）。枯死・消失のため測量データ入手不可
CC-DB1,0105_091,stem_x y,測定値がない,変更なし（nd）。枯死・消失のため測量データ入手不可
CC-DB1,0105_103,stem_x y,測定値がない,変更なし（nd）。枯死・消失のため測量データ入手不可
CC-DB1,0105_109,stem_x y,測定値がない,変更なし（nd）。枯死・消失のため測量データ入手不可
CC-DB1,0106_009,stem_x y,測定値がない,変更なし（nd）。枯死・消失のため測量データ入手不可
CC-DB1,0106_019,stem_x y,測定値がない,変更なし（nd）。枯死・消失のため測量データ入手不可
CC-DB1,0106_026,stem_x y,測定値がない,変更なし（nd）。枯死・消失のため測量データ入手不可
CC-DB1,0106_036,stem_x y,測定値がない,変更なし（nd）。枯死・消失のため測量データ入手不可
CC-DB1,0106_038,stem_x y,測定値がない,変更なし（nd）。枯死・消失のため測量データ入手不可
CC-DB1,0106_039,stem_x y,測定値がない,変更なし（nd）。枯死・消失のため測量データ入手不可
CC-DB1,0106_042,stem_x y,測定値がない,変更なし（nd）。枯死・消失のため測量データ入手不可
CC-DB1,0106_043,stem_x y,測定値がない,変更なし（nd）。枯死・消失のため測量データ入手不可
CC-DB1,0106_052,stem_x y,測定値がない,変更なし（nd）。枯死・消失のため測量データ入手不可
CC-DB1,0106_053,stem_x y,測定値がない,変更なし（nd）。枯死・消失のため測量データ入手不可
CC-DB1,0106_057,stem_x y,測定値がない,変更なし（nd）。枯死・消失のため測量データ入手不可
CC-DB1,0106_069,stem_x y,測定値がない,変更なし（nd）。枯死・消失のため測量データ入手不可
CC-DB1,0106_084,stem_x y,測定値がない,変更なし（nd）。枯死・消失のため測量データ入手不可
CC-DB1,0106_095,stem_x y,測定値がない,変更なし（nd）。枯死・消失のため測量データ入手不可
CC-DB1,0106_104,stem_x y,測定値がない,変更なし（nd）。枯死・消失のため測量データ入手不可
CC-DB1,0106_106,stem_x y,測定値がない,変更なし（nd）。枯死・消失のため測量データ入手不可
CC-DB1,0106_109,stem_x y,測定値がない,変更なし（nd）。枯死・消失のため測量データ入手不可
CC-DB1,0106_114,stem_x y,測定値がない,変更なし（nd）。枯死・消失のため測量データ入手不可
CC-DB1,0106_116,stem_x y,測定値がない,変更なし（nd）。枯死・消失のため測量データ入手不可
CC-DB1,2009_9805_065,stem_x y,測定値がない,変更なし（nd）。枯死・消失のため測量データ入手不可
CC-DB1,2009_9905_98,stem_x y,測定値がない,変更なし（nd）。枯死・消失のため測量データ入手不可
CC-DB1,9803_004,stem_x y,測定値がない,変更なし（nd）。枯死・消失のため測量データ入手不可
CC-DB1,9803_010,stem_x y,測定値がない,変更なし（nd）。枯死・消失のため測量データ入手不可
CC-DB1,9803_011,stem_x y,測定値がない,変更なし（nd）。枯死・消失のため測量データ入手不可
CC-DB1,9803_012,stem_x y,測定値がない,変更なし（nd）。枯死・消失のため測量データ入手不可
CC-DB1,9803_024,stem_x y,測定値がない,変更なし（nd）。枯死・消失のため測量データ入手不可
CC-DB1,9803_025,stem_x y,測定値がない,変更なし（nd）。枯死・消失のため測量データ入手不可
CC-DB1,9803_032,stem_x y,測定値がない,変更なし（nd）。枯死・消失のため測量データ入手不可
CC-DB1,9803_033,stem_x y,測定値がない,変更なし（nd）。枯死・消失のため測量データ入手不可
CC-DB1,9803_034,stem_x y,測定値がない,変更なし（nd）。枯死・消失のため測量データ入手不可
CC-DB1,9803_036,stem_x y,測定値がない,変更なし（nd）。枯死・消失のため測量データ入手不可
CC-DB1,9803_039,stem_x y,測定値がない,変更なし（nd）。枯死・消失のため測量データ入手不可
CC-DB1,9804_058,stem_x y,測定値がない,変更なし（nd）。枯死・消失のため測量データ入手不可
CC-DB1,9804_062,stem_x y,測定値がない,変更なし（nd）。枯死・消失のため測量データ入手不可
CC-DB1,9804_064,stem_x y,測定値がない,変更なし（nd）。枯死・消失のため測量データ入手不可
CC-DB1,9804_065,stem_x y,測定値がない,変更なし（nd）。枯死・消失のため測量データ入手不可
CC-DB1,9804_066,stem_x y,測定値がない,変更なし（nd）。枯死・消失のため測量データ入手不可
CC-DB1,9804_072,stem_x y,測定値がない,変更なし（nd）。枯死・消失のため測量データ入手不可
CC-DB1,9804_074,stem_x y,測定値がない,変更なし（nd）。枯死・消失のため測量データ入手不可
CC-DB1,9804_075,stem_x y,測定値がない,変更なし（nd）。枯死・消失のため測量データ入手不可
CC-DB1,9804_076,stem_x y,測定値がない,変更なし（nd）。枯死・消失のため測量データ入手不可
CC-DB1,9804_079,stem_x y,測定値がない,変更なし（nd）。枯死・消失のため測量データ入手不可
CC-DB1,9804_080,stem_x y,測定値がない,変更なし（nd）。枯死・消失のため測量データ入手不可
CC-DB1,9804_085,stem_x y,測定値がない,変更なし（nd）。枯死・消失のため測量データ入手不可
CC-DB1,9804_087,stem_x y,測定値がない,変更なし（nd）。枯死・消失のため測量データ入手不可
CC-DB1,9804_089,stem_x y,測定値がない,変更なし（nd）。枯死・消失のため測量データ入手不可
CC-DB1,9804_090,stem_x y,測定値がない,変更なし（nd）。枯死・消失のため測量データ入手不可
CC-DB1,9804_091,stem_x y,測定値がない,変更なし（nd）。枯死・消失のため測量データ入手不可
CC-DB1,9804_092,stem_x y,測定値がない,変更なし（nd）。枯死・消失のため測量データ入手不可
CC-DB1,9804_102,stem_x y,測定値がない,変更なし（nd）。枯死・消失のため測量データ入手不可
CC-DB1,9804_104,stem_x y,測定値がない,変更なし（nd）。枯死・消失のため測量データ入手不可
CC-DB1,9805_001,stem_x y,測定値がない,変更なし（nd）。枯死・消失のため測量データ入手不可
CC-DB1,9805_006,stem_x y,測定値がない,変更なし（nd）。枯死・消失のため測量データ入手不可
CC-DB1,9805_008,stem_x y,測定値がない,変更なし（nd）。枯死・消失のため測量データ入手不可
CC-DB1,9805_009,stem_x y,測定値がない,変更なし（nd）。枯死・消失のため測量データ入手不可
CC-DB1,9805_017,stem_x y,測定値がない,変更なし（nd）。枯死・消失のため測量データ入手不可
CC-DB1,9805_020,stem_x y,測定値がない,変更なし（nd）。枯死・消失のため測量データ入手不可
CC-DB1,9805_043,stem_x y,測定値がない,変更なし（nd）。枯死・消失のため測量データ入手不可
CC-DB1,9805_045,stem_x y,測定値がない,変更なし（nd）。枯死・消失のため測量データ入手不可
CC-DB1,9805_047,stem_x y,測定値がない,変更なし（nd）。枯死・消失のため測量データ入手不可
CC-DB1,9805_055,stem_x y,測定値がない,変更なし（nd）。枯死・消失のため測量データ入手不可
CC-DB1,9805_058,stem_x y,測定値がない,変更なし（nd）。枯死・消失のため測量データ入手不可
CC-DB1,9806_201,stem_x y,測定値がない,変更なし（nd）。枯死・消失のため測量データ入手不可
CC-DB1,9806_204,stem_x y,測定値がない,変更なし（nd）。枯死・消失のため測量データ入手不可
CC-DB1,9806_208,stem_x y,測定値がない,変更なし（nd）。枯死・消失のため測量データ入手不可
CC-DB1,9806_210,stem_x y,測定値がない,変更なし（nd）。枯死・消失のため測量データ入手不可
CC-DB1,9806_212,stem_x y,測定値がない,変更なし（nd）。枯死・消失のため測量データ入手不可
CC-DB1,9806_223,stem_x y,測定値がない,変更なし（nd）。枯死・消失のため測量データ入手不可
CC-DB1,9806_232,stem_x y,測定値がない,変更なし（nd）。枯死・消失のため測量データ入手不可
CC-DB1,9806_235,stem_x y,測定値がない,変更なし（nd）。枯死・消失のため測量データ入手不可
CC-DB1,9806_248,stem_x y,測定値がない,変更なし（nd）。枯死・消失のため測量データ入手不可
CC-DB1,9806_249,stem_x y,測定値がない,変更なし（nd）。枯死・消失のため測量データ入手不可
CC-DB1,9806_263,stem_x y,測定値がない,変更なし（nd）。枯死・消失のため測量データ入手不可
CC-DB1,9806_265,stem_x y,測定値がない,変更なし（nd）。枯死・消失のため測量データ入手不可
CC-DB1,9806_270,stem_x y,測定値がない,変更なし（nd）。枯死・消失のため測量データ入手不可
CC-DB1,9903_009,stem_x y,測定値がない,変更なし（nd）。枯死・消失のため測量データ入手不可
CC-DB1,9903_012,stem_x y,測定値がない,変更なし（nd）。枯死・消失のため測量データ入手不可
CC-DB1,9903_013,stem_x y,測定値がない,変更なし（nd）。枯死・消失のため測量データ入手不可
CC-DB1,9903_027,stem_x y,測定値がない,変更なし（nd）。枯死・消失のため測量データ入手不可
CC-DB1,9903_030,stem_x y,測定値がない,変更なし（nd）。枯死・消失のため測量データ入手不可
CC-DB1,9903_033,stem_x y,測定値がない,変更なし（nd）。枯死・消失のため測量データ入手不可
CC-DB1,9903_039,stem_x y,測定値がない,変更なし（nd）。枯死・消失のため測量データ入手不可
CC-DB1,9903_041,stem_x y,測定値がない,変更なし（nd）。枯死・消失のため測量データ入手不可
CC-DB1,9904_007,stem_x y,測定値がない,変更なし（nd）。枯死・消失のため測量データ入手不可
CC-DB1,9904_012,stem_x y,測定値がない,変更なし（nd）。枯死・消失のため測量データ入手不可
CC-DB1,9904_014,stem_x y,測定値がない,変更なし（nd）。枯死・消失のため測量データ入手不可
CC-DB1,9904_018,stem_x y,測定値がない,変更なし（nd）。枯死・消失のため測量データ入手不可
CC-DB1,9904_021,stem_x y,測定値がない,変更なし（nd）。枯死・消失のため測量データ入手不可
CC-DB1,9904_022,stem_x y,測定値がない,変更なし（nd）。枯死・消失のため測量データ入手不可
CC-DB1,9904_023,stem_x y,測定値がない,変更なし（nd）。枯死・消失のため測量データ入手不可
CC-DB1,9904_024,stem_x y,測定値がない,変更なし（nd）。枯死・消失のため測量データ入手不可
CC-DB1,9904_025,stem_x y,測定値がない,変更なし（nd）。枯死・消失のため測量データ入手不可
CC-DB1,9904_026,stem_x y,測定値がない,変更なし（nd）。枯死・消失のため測量データ入手不可
CC-DB1,9904_027,stem_x y,測定値がない,変更なし（nd）。枯死・消失のため測量データ入手不可
CC-DB1,9904_035,stem_x y,測定値がない,変更なし（nd）。枯死・消失のため測量データ入手不可
CC-DB1,9904_037,stem_x y,測定値がない,変更なし（nd）。枯死・消失のため測量データ入手不可
CC-DB1,9904_043,stem_x y,測定値がない,変更なし（nd）。枯死・消失のため測量データ入手不可
CC-DB1,9904_052,stem_x y,測定値がない,変更なし（nd）。枯死・消失のため測量データ入手不可
CC-DB1,9904_072,stem_x y,測定値がない,変更なし（nd）。枯死・消失のため測量データ入手不可
CC-DB1,9904_075,stem_x y,測定値がない,変更なし（nd）。枯死・消失のため測量データ入手不可
CC-DB1,9904_079,stem_x y,測定値がない,変更なし（nd）。枯死・消失のため測量データ入手不可
CC-DB1,9904_081,stem_x y,測定値がない,変更なし（nd）。枯死・消失のため測量データ入手不可
CC-DB1,9904_082,stem_x y,測定値がない,変更なし（nd）。枯死・消失のため測量データ入手不可
CC-DB1,9904_083,stem_x y,測定値がない,変更なし（nd）。枯死・消失のため測量データ入手不可
CC-DB1,9904_094,stem_x y,測定値がない,変更なし（nd）。枯死・消失のため測量データ入手不可
CC-DB1,9905_012,stem_x y,測定値がない,変更なし（nd）。枯死・消失のため測量データ入手不可
CC-DB1,9905_014,stem_x y,測定値がない,変更なし（nd）。枯死・消失のため測量データ入手不可
CC-DB1,9905_015,stem_x y,測定値がない,変更なし（nd）。枯死・消失のため測量データ入手不可
CC-DB1,9905_025,stem_x y,測定値がない,変更なし（nd）。枯死・消失のため測量データ入手不可
CC-DB1,9905_031,stem_x y,測定値がない,変更なし（nd）。枯死・消失のため測量データ入手不可
CC-DB1,9905_040,stem_x y,測定値がない,変更なし（nd）。枯死・消失のため測量データ入手不可
CC-DB1,9905_051,stem_x y,測定値がない,変更なし（nd）。枯死・消失のため測量データ入手不可
CC-DB1,9905_052,stem_x y,測定値がない,変更なし（nd）。枯死・消失のため測量データ入手不可
CC-DB1,9905_059,stem_x y,測定値がない,変更なし（nd）。枯死・消失のため測量データ入手不可
CC-DB1,9905_061,stem_x y,測定値がない,変更なし（nd）。枯死・消失のため測量データ入手不可
CC-DB1,9905_063,stem_x y,測定値がない,変更なし（nd）。枯死・消失のため測量データ入手不可
CC-DB1,9905_072,stem_x y,測定値がない,変更なし（nd）。枯死・消失のため測量データ入手不可
CC-DB1,9905_085,stem_x y,測定値がない,変更なし（nd）。枯死・消失のため測量データ入手不可
CC-DB1,9905_087,stem_x y,測定値がない,変更なし（nd）。枯死・消失のため測量データ入手不可
CC-DB1,9905_088,stem_x y,測定値がない,変更なし（nd）。枯死・消失のため測量データ入手不可
CC-DB1,9905_098,stem_x y,測定値がない,変更なし（nd）。枯死・消失のため測量データ入手不可
CC-DB1,9905_109,stem_x y,測定値がない,変更なし（nd）。枯死・消失のため測量データ入手不可
CC-DB1,9906_004,stem_x y,測定値がない,変更なし（nd）。枯死・消失のため測量データ入手不可
CC-DB1,9906_008,stem_x y,測定値がない,変更なし（nd）。枯死・消失のため測量データ入手不可
CC-DB1,9906_015,stem_x y,測定値がない,変更なし（nd）。枯死・消失のため測量データ入手不可
CC-DB1,9906_022,stem_x y,測定値がない,変更なし（nd）。枯死・消失のため測量データ入手不可
CC-DB1,9906_032,stem_x y,測定値がない,変更なし（nd）。枯死・消失のため測量データ入手不可
CC-DB1,9906_035,stem_x y,測定値がない,変更なし（nd）。枯死・消失のため測量データ入手不可
CC-DB1,9906_044,stem_x y,測定値がない,変更なし（nd）。枯死・消失のため測量データ入手不可
CC-DB1,9906_046,stem_x y,測定値がない,変更なし（nd）。枯死・消失のため測量データ入手不可
CC-DB1,9906_049,stem_x y,測定値がない,変更なし（nd）。枯死・消失のため測量データ入手不可
CC-DB1,9906_058,stem_x y,測定値がない,変更なし（nd）。枯死・消失のため測量データ入手不可
CC-DB1,9906_079,stem_x y,測定値がない,変更なし（nd）。枯死・消失のため測量データ入手不可
CC-DB1,9906_080,stem_x y,測定値がない,変更なし（nd）。枯死・消失のため測量データ入手不可
CC-DB1,9906_088,stem_x y,測定値がない,変更なし（nd）。枯死・消失のため測量データ入手不可
CC-DB1,9906_091,stem_x y,測定値がない,変更なし（nd）。枯死・消失のため測量データ入手不可
CC-DB1,9906_094,stem_x y,測定値がない,変更なし（nd）。枯死・消失のため測量データ入手不可
CC-DB1,9906_098,stem_x y,測定値がない,変更なし（nd）。枯死・消失のため測量データ入手不可
CC-DB1,9906_108,stem_x y,測定値がない,変更なし（nd）。枯死・消失のため測量データ入手不可
CC-DB3,338,gbh07=nd で gbh12=28.574,前年が欠測(nd)扱いになっているが、当年gbhが22.0cmより小さい新規加入個体のため前年は測定ミスではない,
DI-DB1,A86,gbh16,成長量が基準値より大きい、測定間違い？備考欄に「番号下で測定」とあるので計測位置変更？,やや過大に思うが，あり得るかも？ note16に追加記載
DI-DB1,nWA230,gbh16,新規加入個体だが、「当年のgbhは22cm以上＆前年はna」のため前年計測忘れの疑い,サワグルミなので生長する可能性あるが，真偽は不明
FJ-AT1,405,mesh_x y,測定値がない,位置測定時（201607〜08）に既に枯死などで位置が測定できなかった
FJ-AT1,405,stem_x y,測定値がない,位置測定時（201607〜08）に既に枯死などで位置が測定できなかった
FJ-AT1,406,mesh_x y,測定値がない,位置測定時（201607〜08）に既に枯死などで位置が測定できなかった
FJ-AT1,406,stem_x y,測定値がない,位置測定時（201607〜08）に既に枯死などで位置が測定できなかった
FJ-AT1,410,mesh_x y,測定値がない,位置測定時（201607〜08）に既に枯死などで位置が測定できなかった
FJ-AT1,410,stem_x y,測定値がない,位置測定時（201607〜08）に既に枯死などで位置が測定できなかった
FJ-AT1,412,mesh_x y,測定値がない,位置測定時（201607〜08）に既に枯死などで位置が測定できなかった
FJ-AT1,412,stem_x y,測定値がない,位置測定時（201607〜08）に既に枯死などで位置が測定できなかった
FJ-AT1,418,mesh_x y,測定値がない,位置測定時（201607〜08）に既に枯死などで位置が測定できなかった
FJ-AT1,418,stem_x y,測定値がない,位置測定時（201607〜08）に既に枯死などで位置が測定できなかった
FJ-AT1,419,mesh_x y,測定値がない,位置測定時（201607〜08）に既に枯死などで位置が測定できなかった
FJ-AT1,419,stem_x y,測定値がない,位置測定時（201607〜08）に既に枯死などで位置が測定できなかった
FJ-AT1,423,mesh_x y,測定値がない,位置測定時（201607〜08）に既に枯死などで位置が測定できなかった
FJ-AT1,423,stem_x y,測定値がない,位置測定時（201607〜08）に既に枯死などで位置が測定できなかった
FJ-AT1,426,mesh_x y,測定値がない,位置測定時（201607〜08）に既に枯死などで位置が測定できなかった
FJ-AT1,426,stem_x y,測定値がない,位置測定時（201607〜08）に既に枯死などで位置が測定できなかった
FJ-AT1,427,mesh_x y,測定値がない,位置測定時（201607〜08）に既に枯死などで位置が測定できなかった
FJ-AT1,427,stem_x y,測定値がない,位置測定時（201607〜08）に既に枯死などで位置が測定できなかった
FJ-AT1,428,mesh_x y,測定値がない,位置測定時（201607〜08）に既に枯死などで位置が測定できなかった
FJ-AT1,428,stem_x y,測定値がない,位置測定時（201607〜08）に既に枯死などで位置が測定できなかった
FJ-AT1,430,mesh_x y,測定値がない,位置測定時（201607〜08）に既に枯死などで位置が測定できなかった
FJ-AT1,430,stem_x y,測定値がない,位置測定時（201607〜08）に既に枯死などで位置が測定できなかった
FJ-AT1,431,mesh_x y,測定値がない,位置測定時（201607〜08）に既に枯死などで位置が測定できなかった
FJ-AT1,431,stem_x y,測定値がない,位置測定時（201607〜08）に既に枯死などで位置が測定できなかった
FJ-AT1,432,mesh_x y,測定値がない,位置測定時（201607〜08）に既に枯死などで位置が測定できなかった
FJ-AT1,432,stem_x y,測定値がない,位置測定時（201607〜08）に既に枯死などで位置が測定できなかった
FJ-AT1,433,mesh_x y,測定値がない,位置測定時（201607〜08）に既に枯死などで位置が測定できなかった
FJ-AT1,433,stem_x y,測定値がない,位置測定時（201607〜08）に既に枯死などで位置が測定できなかった
FJ-AT1,434,mesh_x y,測定値がない,位置測定時（201607〜08）に既に枯死などで位置が測定できなかった
FJ-AT1,434,stem_x y,測定値がない,位置測定時（201607〜08）に既に枯死などで位置が測定できなかった
FJ-AT1,435,mesh_x y,測定値がない,位置測定時（201607〜08）に既に枯死などで位置が測定できなかった
FJ-AT1,435,stem_x y,測定値がない,位置測定時（201607〜08）に既に枯死などで位置が測定できなかった
FJ-AT1,436,mesh_x y,測定値がない,位置測定時（201607〜08）に既に枯死などで位置が測定できなかった
FJ-AT1,436,stem_x y,測定値がない,位置測定時（201607〜08）に既に枯死などで位置が測定できなかった
FJ-AT1,437,mesh_x y,測定値がない,位置測定時（201607〜08）に既に枯死などで位置が測定できなかった
FJ-AT1,437,stem_x y,測定値がない,位置測定時（201607〜08）に既に枯死などで位置が測定できなかった
FJ-AT1,438,mesh_x y,測定値がない,位置測定時（201607〜08）に既に枯死などで位置が測定できなかった
FJ-AT1,438,stem_x y,測定値がない,位置測定時（201607〜08）に既に枯死などで位置が測定できなかった
FJ-AT1,443,mesh_x y,測定値がない,位置測定時（201607〜08）に既に枯死などで位置が測定できなかった
FJ-AT1,443,stem_x y,測定値がない,位置測定時（201607〜08）に既に枯死などで位置が測定できなかった
FJ-AT1,446,mesh_x y,測定値がない,位置測定時（201607〜08）に既に枯死などで位置が測定できなかった
FJ-AT1,446,stem_x y,測定値がない,位置測定時（201607〜08）に既に枯死などで位置が測定できなかった
FJ-AT1,447,mesh_x y,測定値がない,位置測定時（201607〜08）に既に枯死などで位置が測定できなかった
FJ-AT1,447,stem_x y,測定値がない,位置測定時（201607〜08）に既に枯死などで位置が測定できなかった
FJ-AT1,449,mesh_x y,測定値がない,位置測定時（201607〜08）に既に枯死などで位置が測定できなかった
FJ-AT1,449,stem_x y,測定値がない,位置測定時（201607〜08）に既に枯死などで位置が測定できなかった
FJ-AT1,450,mesh_x y,測定値がない,位置測定時（201607〜08）に既に枯死などで位置が測定できなかった
FJ-AT1,450,stem_x y,測定値がない,位置測定時（201607〜08）に既に枯死などで位置が測定できなかった
FJ-AT1,452,mesh_x y,測定値がない,位置測定時（201607〜08）に既に枯死などで位置が測定できなかった
FJ-AT1,452,stem_x y,測定値がない,位置測定時（201607〜08）に既に枯死などで位置が測定できなかった
FJ-AT1,453,mesh_x y,測定値がない,位置測定時（201607〜08）に既に枯死などで位置が測定できなかった
FJ-AT1,453,stem_x y,測定値がない,位置測定時（201607〜08）に既に枯死などで位置が測定できなかった
FJ-AT1,454,mesh_x y,測定値がない,位置測定時（201607〜08）に既に枯死などで位置が測定できなかった
FJ-AT1,454,stem_x y,測定値がない,位置測定時（201607〜08）に既に枯死などで位置が測定できなかった
FJ-AT1,455,mesh_x y,測定値がない,位置測定時（201607〜08）に既に枯死などで位置が測定できなかった
FJ-AT1,455,stem_x y,測定値がない,位置測定時（201607〜08）に既に枯死などで位置が測定できなかった
FJ-AT1,456,mesh_x y,測定値がない,位置測定時（201607〜08）に既に枯死などで位置が測定できなかった
FJ-AT1,456,stem_x y,測定値がない,位置測定時（201607〜08）に既に枯死などで位置が測定できなかった
FJ-AT1,462,mesh_x y,測定値がない,位置測定時（201607〜08）に既に枯死などで位置が測定できなかった
FJ-AT1,462,stem_x y,測定値がない,位置測定時（201607〜08）に既に枯死などで位置が測定できなかった
FJ-AT1,464,mesh_x y,測定値がない,位置測定時（201607〜08）に既に枯死などで位置が測定できなかった
FJ-AT1,464,stem_x y,測定値がない,位置測定時（201607〜08）に既に枯死などで位置が測定できなかった
FJ-AT1,465,mesh_x y,測定値がない,位置測定時（201607〜08）に既に枯死などで位置が測定できなかった
FJ-AT1,465,stem_x y,測定値がない,位置測定時（201607〜08）に既に枯死などで位置が測定できなかった
FJ-AT1,466,mesh_x y,測定値がない,位置測定時（201607〜08）に既に枯死などで位置が測定できなかった
FJ-AT1,466,stem_x y,測定値がない,位置測定時（201607〜08）に既に枯死などで位置が測定できなかった
FJ-AT1,467,mesh_x y,測定値がない,位置測定時（201607〜08）に既に枯死などで位置が測定できなかった
FJ-AT1,467,stem_x y,測定値がない,位置測定時（201607〜08）に既に枯死などで位置が測定できなかった
FJ-AT1,468,mesh_x y,測定値がない,位置測定時（201607〜08）に既に枯死などで位置が測定できなかった
FJ-AT1,468,stem_x y,測定値がない,位置測定時（201607〜08）に既に枯死などで位置が測定できなかった
FJ-AT1,470,mesh_x y,測定値がない,位置測定時（201607〜08）に既に枯死などで位置が測定できなかった
FJ-AT1,470,stem_x y,測定値がない,位置測定時（201607〜08）に既に枯死などで位置が測定できなかった
FJ-AT1,473,mesh_x y,測定値がない,位置測定時（201607〜08）に既に枯死などで位置が測定できなかった
FJ-AT1,473,stem_x y,測定値がない,位置測定時（201607〜08）に既に枯死などで位置が測定できなかった
FJ-AT1,475,mesh_x y,測定値がない,位置測定時（201607〜08）に既に枯死などで位置が測定できなかった
FJ-AT1,475,stem_x y,測定値がない,位置測定時（201607〜08）に既に枯死などで位置が測定できなかった
FJ-AT1,478,mesh_x y,測定値がない,位置測定時（201607〜08）に既に枯死などで位置が測定できなかった
FJ-AT1,478,stem_x y,測定値がない,位置測定時（201607〜08）に既に枯死などで位置が測定できなかった
FJ-AT1,480,mesh_x y,測定値がない,位置測定時（201607〜08）に既に枯死などで位置が測定できなかった
FJ-AT1,480,stem_x y,測定値がない,位置測定時（201607〜08）に既に枯死などで位置が測定できなかった
FJ-AT1,481,mesh_x y,測定値がない,位置測定時（201607〜08）に既に枯死などで位置が測定できなかった
FJ-AT1,481,stem_x y,測定値がない,位置測定時（201607〜08）に既に枯死などで位置が測定できなかった
FJ-AT1,483,mesh_x y,測定値がない,位置測定時（201607〜08）に既に枯死などで位置が測定できなかった
FJ-AT1,483,stem_x y,測定値がない,位置測定時（201607〜08）に既に枯死などで位置が測定できなかった
FJ-AT1,488,mesh_x y,測定値がない,位置測定時（201607〜08）に既に枯死などで位置が測定できなかった
FJ-AT1,488,stem_x y,測定値がない,位置測定時（201607〜08）に既に枯死などで位置が測定できなかった
FJ-AT1,491,mesh_x y,測定値がない,位置測定時（201607〜08）に既に枯死などで位置が測定できなかった
FJ-AT1,491,stem_x y,測定値がない,位置測定時（201607〜08）に既に枯死などで位置が測定できなかった
FJ-AT1,493,mesh_x y,測定値がない,位置測定時（201607〜08）に既に枯死などで位置が測定できなかった
FJ-AT1,493,stem_x y,測定値がない,位置測定時（201607〜08）に既に枯死などで位置が測定できなかった
FJ-AT1,496,mesh_x y,測定値がない,位置測定時（201607〜08）に既に枯死などで位置が測定できなかった
FJ-AT1,496,stem_x y,測定値がない,位置測定時（201607〜08）に既に枯死などで位置が測定できなかった
FJ-AT1,497,mesh_x y,測定値がない,位置測定時（201607〜08）に既に枯死などで位置が測定できなかった
FJ-AT1,497,stem_x y,測定値がない,位置測定時（201607〜08）に既に枯死などで位置が測定できなかった
FJ-AT1,503,mesh_x y,測定値がない,位置測定時（201607〜08）に既に枯死などで位置が測定できなかった
FJ-AT1,503,stem_x y,測定値がない,位置測定時（201607〜08）に既に枯死などで位置が測定できなかった
FJ-AT1,513,mesh_x y,測定値がない,位置測定時（201607〜08）に既に枯死などで位置が測定できなかった
FJ-AT1,513,stem_x y,測定値がない,位置測定時（201607〜08）に既に枯死などで位置が測定できなかった
FJ-AT1,514,mesh_x y,測定値がない,位置測定時（201607〜08）に既に枯死などで位置が測定できなかった
FJ-AT1,514,stem_x y,測定値がない,位置測定時（201607〜08）に既に枯死などで位置が測定できなかった
FJ-AT1,515,mesh_x y,測定値がない,位置測定時（201607〜08）に既に枯死などで位置が測定できなかった
FJ-AT1,515,stem_x y,測定値がない,位置測定時（201607〜08）に既に枯死などで位置が測定できなかった
FJ-AT1,516,gbh09,誤って「測定間違い」となっている可能性あり,
FJ-AT1,517,mesh_x y,測定値がない,位置測定時（201607〜08）に既に枯死などで位置が測定できなかった
FJ-AT1,517,stem_x y,測定値がない,位置測定時（201607〜08）に既に枯死などで位置が測定できなかった
FJ-AT1,518,mesh_x y,測定値がない,位置測定時（201607〜08）に既に枯死などで位置が測定できなかった
FJ-AT1,518,stem_x y,測定値がない,位置測定時（201607〜08）に既に枯死などで位置が測定できなかった
FJ-AT1,520,mesh_x y,測定値がない,位置測定時（201607〜08）に既に枯死などで位置が測定できなかった
FJ-AT1,520,stem_x y,測定値がない,位置測定時（201607〜08）に既に枯死などで位置が測定できなかった
FJ-AT1,526,mesh_x y,測定値がない,位置測定時（201607〜08）に既に枯死などで位置が測定できなかった
FJ-AT1,526,stem_x y,測定値がない,位置測定時（201607〜08）に既に枯死などで位置が測定できなかった
FJ-AT1,527,mesh_x y,測定値がない,位置測定時（201607〜08）に既に枯死などで位置が測定できなかった
FJ-AT1,527,stem_x y,測定値がない,位置測定時（201607〜08）に既に枯死などで位置が測定できなかった
FJ-AT1,531,mesh_x y,測定値がない,位置測定時（201607〜08）に既に枯死などで位置が測定できなかった
FJ-AT1,531,stem_x y,測定値がない,位置測定時（201607〜08）に既に枯死などで位置が測定できなかった
FJ-AT1,533,mesh_x y,測定値がない,位置測定時（201607〜08）に既に枯死などで位置が測定できなかった
FJ-AT1,533,stem_x y,測定値がない,位置測定時（201607〜08）に既に枯死などで位置が測定できなかった
FJ-AT1,536,mesh_x y,測定値がない,位置測定時（201607〜08）に既に枯死などで位置が測定できなかった
FJ-AT1,536,stem_x y,測定値がない,位置測定時（201607〜08）に既に枯死などで位置が測定できなかった
FJ-AT1,538,mesh_x y,測定値がない,位置測定時（201607〜08）に既に枯死などで位置が測定できなかった
FJ-AT1,538,stem_x y,測定値がない,位置測定時（201607〜08）に既に枯死などで位置が測定できなかった
FJ-AT1,539,mesh_x y,測定値がない,位置測定時（201607〜08）に既に枯死などで位置が測定できなかった
FJ-AT1,539,stem_x y,測定値がない,位置測定時（201607〜08）に既に枯死などで位置が測定できなかった
FJ-AT1,542,mesh_x y,測定値がない,位置測定時（201607〜08）に既に枯死などで位置が測定できなかった
FJ-AT1,542,stem_x y,測定値がない,位置測定時（201607〜08）に既に枯死などで位置が測定できなかった
FJ-AT1,543,mesh_x y,測定値がない,位置測定時（201607〜08）に既に枯死などで位置が測定できなかった
FJ-AT1,543,stem_x y,測定値がない,位置測定時（201607〜08）に既に枯死などで位置が測定できなかった
FJ-AT1,544,mesh_x y,測定値がない,位置測定時（201607〜08）に既に枯死などで位置が測定できなかった
FJ-AT1,544,stem_x y,測定値がない,位置測定時（201607〜08）に既に枯死などで位置が測定できなかった
FJ-AT1,545,mesh_x y,測定値がない,位置測定時（201607〜08）に既に枯死などで位置が測定できなかった
FJ-AT1,545,stem_x y,測定値がない,位置測定時（201607〜08）に既に枯死などで位置が測定できなかった
FJ-AT1,546,mesh_x y,測定値がない,位置測定時（201607〜08）に既に枯死などで位置が測定できなかった
FJ-AT1,546,stem_x y,測定値がない,位置測定時（201607〜08）に既に枯死などで位置が測定できなかった
FJ-AT1,548,mesh_x y,測定値がない,位置測定時（201607〜08）に既に枯死などで位置が測定できなかった
FJ-AT1,548,stem_x y,測定値がない,位置測定時（201607〜08）に既に枯死などで位置が測定できなかった
FJ-AT1,549,mesh_x y,測定値がない,位置測定時（201607〜08）に既に枯死などで位置が測定できなかった
FJ-AT1,549,stem_x y,測定値がない,位置測定時（201607〜08）に既に枯死などで位置が測定できなかった
FJ-AT1,550,mesh_x y,測定値がない,位置測定時（201607〜08）に既に枯死などで位置が測定できなかった
FJ-AT1,550,stem_x y,測定値がない,位置測定時（201607〜08）に既に枯死などで位置が測定できなかった
FJ-AT1,551,mesh_x y,測定値がない,位置測定時（201607〜08）に既に枯死などで位置が測定できなかった
FJ-AT1,551,stem_x y,測定値がない,位置測定時（201607〜08）に既に枯死などで位置が測定できなかった
FJ-AT1,552,mesh_x y,測定値がない,位置測定時（201607〜08）に既に枯死などで位置が測定できなかった
FJ-AT1,552,stem_x y,測定値がない,位置測定時（201607〜08）に既に枯死などで位置が測定できなかった
FJ-AT1,554,mesh_x y,測定値がない,位置測定時（201607〜08）に既に枯死などで位置が測定できなかった
FJ-AT1,554,stem_x y,測定値がない,位置測定時（201607〜08）に既に枯死などで位置が測定できなかった
FJ-AT1,561,mesh_x y,測定値がない,位置測定時（201607〜08）に既に枯死などで位置が測定できなかった
FJ-AT1,561,stem_x y,測定値がない,位置測定時（201607〜08）に既に枯死などで位置が測定できなかった
FJ-AT1,565,mesh_x y,測定値がない,位置測定時（201607〜08）に既に枯死などで位置が測定できなかった
FJ-AT1,565,stem_x y,測定値がない,位置測定時（201607〜08）に既に枯死などで位置が測定できなかった
FJ-AT1,566,mesh_x y,測定値がない,位置測定時（201607〜08）に既に枯死などで位置が測定できなかった
FJ-AT1,566,stem_x y,測定値がない,位置測定時（201607〜08）に既に枯死などで位置が測定できなかった
FJ-AT1,571,mesh_x y,測定値がない,位置測定時（201607〜08）に既に枯死などで位置が測定できなかった
FJ-AT1,571,stem_x y,測定値がない,位置測定時（201607〜08）に既に枯死などで位置が測定できなかった
FJ-AT1,575,mesh_x y,測定値がない,位置測定時（201607〜08）に既に枯死などで位置が測定できなかった
FJ-AT1,575,stem_x y,測定値がない,位置測定時（201607〜08）に既に枯死などで位置が測定できなかった
FJ-AT1,585,mesh_x y,測定値がない,位置測定時（201607〜08）に既に枯死などで位置が測定できなかった
FJ-AT1,585,stem_x y,測定値がない,位置測定時（201607〜08）に既に枯死などで位置が測定できなかった
FJ-AT1,586,mesh_x y,測定値がない,位置測定時（201607〜08）に既に枯死などで位置が測定できなかった
FJ-AT1,586,stem_x y,測定値がない,位置測定時（201607〜08）に既に枯死などで位置が測定できなかった
FJ-AT1,587,mesh_x y,測定値がない,位置測定時（201607〜08）に既に枯死などで位置が測定できなかった
FJ-AT1,587,stem_x y,測定値がない,位置測定時（201607〜08）に既に枯死などで位置が測定できなかった
FJ-AT1,594,mesh_x y,測定値がない,位置測定時（201607〜08）に既に枯死などで位置が測定できなかった
FJ-AT1,594,stem_x y,測定値がない,位置測定時（201607〜08）に既に枯死などで位置が測定できなかった
FJ-AT1,595,mesh_x y,測定値がない,位置測定時（201607〜08）に既に枯死などで位置が測定できなかった
FJ-AT1,595,stem_x y,測定値がない,位置測定時（201607〜08）に既に枯死などで位置が測定できなかった
FJ-AT1,596,mesh_x y,測定値がない,位置測定時（201607〜08）に既に枯死などで位置が測定できなかった
FJ-AT1,596,stem_x y,測定値がない,位置測定時（201607〜08）に既に枯死などで位置が測定できなかった
FJ-AT1,601,mesh_x y,測定値がない,位置測定時（201607〜08）に既に枯死などで位置が測定できなかった
FJ-AT1,601,stem_x y,測定値がない,位置測定時（201607〜08）に既に枯死などで位置が測定できなかった
FJ-AT1,617,mesh_x y,測定値がない,位置測定時（201607〜08）に既に枯死などで位置が測定できなかった
FJ-AT1,617,stem_x y,測定値がない,位置測定時（201607〜08）に既に枯死などで位置が測定できなかった
FJ-AT1,628,mesh_x y,測定値がない,位置測定時（201607〜08）に既に枯死などで位置が測定できなかった
FJ-AT1,628,stem_x y,測定値がない,位置測定時（201607〜08）に既に枯死などで位置が測定できなかった
FJ-AT1,636,mesh_x y,測定値がない,位置測定時（201607〜08）に既に枯死などで位置が測定できなかった
FJ-AT1,636,stem_x y,測定値がない,位置測定時（201607〜08）に既に枯死などで位置が測定できなかった
FJ-AT1,638,mesh_x y,測定値がない,位置測定時（201607〜08）に既に枯死などで位置が測定できなかった
FJ-AT1,638,stem_x y,測定値がない,位置測定時（201607〜08）に既に枯死などで位置が測定できなかった
FJ-AT1,641,mesh_x y,測定値がない,位置測定時（201607〜08）に既に枯死などで位置が測定できなかった
FJ-AT1,641,stem_x y,測定値がない,位置測定時（201607〜08）に既に枯死などで位置が測定できなかった
FJ-AT1,644,mesh_x y,測定値がない,位置測定時（201607〜08）に既に枯死などで位置が測定できなかった
FJ-AT1,644,stem_x y,測定値がない,位置測定時（201607〜08）に既に枯死などで位置が測定できなかった
FJ-AT1,648,mesh_x y,測定値がない,位置測定時（201607〜08）に既に枯死などで位置が測定できなかった
FJ-AT1,648,stem_x y,測定値がない,位置測定時（201607〜08）に既に枯死などで位置が測定できなかった
FJ-AT1,652,mesh_x y,測定値がない,位置測定時（201607〜08）に既に枯死などで位置が測定できなかった
FJ-AT1,652,stem_x y,測定値がない,位置測定時（201607〜08）に既に枯死などで位置が測定できなかった
FJ-AT1,653,mesh_x y,測定値がない,位置測定時（201607〜08）に既に枯死などで位置が測定できなかった
FJ-AT1,653,stem_x y,測定値がない,位置測定時（201607〜08）に既に枯死などで位置が測定できなかった
FJ-AT1,657,mesh_x y,測定値がない,位置測定時（201607〜08）に既に枯死などで位置が測定できなかった
FJ-AT1,657,stem_x y,測定値がない,位置測定時（201607〜08）に既に枯死などで位置が測定できなかった
FJ-AT1,658,mesh_x y,測定値がない,位置測定時（201607〜08）に既に枯死などで位置が測定できなかった
FJ-AT1,658,stem_x y,測定値がない,位置測定時（201607〜08）に既に枯死などで位置が測定できなかった
FJ-AT1,659,mesh_x y,測定値がない,位置測定時（201607〜08）に既に枯死などで位置が測定できなかった
FJ-AT1,659,stem_x y,測定値がない,位置測定時（201607〜08）に既に枯死などで位置が測定できなかった
FJ-AT1,660,mesh_x y,測定値がない,位置測定時（201607〜08）に既に枯死などで位置が測定できなかった
FJ-AT1,660,stem_x y,測定値がない,位置測定時（201607〜08）に既に枯死などで位置が測定できなかった
FJ-AT1,663,mesh_x y,測定値がない,位置測定時（201607〜08）に既に枯死などで位置が測定できなかった
FJ-AT1,663,stem_x y,測定値がない,位置測定時（201607〜08）に既に枯死などで位置が測定できなかった
FJ-AT1,665,mesh_x y,測定値がない,位置測定時（201607〜08）に既に枯死などで位置が測定できなかった
FJ-AT1,665,stem_x y,測定値がない,位置測定時（201607〜08）に既に枯死などで位置が測定できなかった
FJ-AT1,667,mesh_x y,測定値がない,位置測定時（201607〜08）に既に枯死などで位置が測定できなかった
FJ-AT1,667,stem_x y,測定値がない,位置測定時（201607〜08）に既に枯死などで位置が測定できなかった
FJ-AT1,669,mesh_x y,測定値がない,位置測定時（201607〜08）に既に枯死などで位置が測定できなかった
FJ-AT1,669,stem_x y,測定値がない,位置測定時（201607〜08）に既に枯死などで位置が測定できなかった
FJ-AT1,670,mesh_x y,測定値がない,位置測定時（201607〜08）に既に枯死などで位置が測定できなかった
FJ-AT1,670,stem_x y,測定値がない,位置測定時（201607〜08）に既に枯死などで位置が測定できなかった
FJ-AT1,671,mesh_x y,測定値がない,位置測定時（201607〜08）に既に枯死などで位置が測定できなかった
FJ-AT1,671,stem_x y,測定値がない,位置測定時（201607〜08）に既に枯死などで位置が測定できなかった
FJ-AT1,674,mesh_x y,測定値がない,位置測定時（201607〜08）に既に枯死などで位置が測定できなかった
FJ-AT1,674,stem_x y,測定値がない,位置測定時（201607〜08）に既に枯死などで位置が測定できなかった
FJ-AT1,675,mesh_x y,測定値がない,位置測定時（201607〜08）に既に枯死などで位置が測定できなかった
FJ-AT1,675,stem_x y,測定値がない,位置測定時（201607〜08）に既に枯死などで位置が測定できなかった
FJ-AT1,679,mesh_x y,測定値がない,位置測定時（201607〜08）に既に枯死などで位置が測定できなかった
FJ-AT1,679,stem_x y,測定値がない,位置測定時（201607〜08）に既に枯死などで位置が測定できなかった
FJ-AT1,682,mesh_x y,測定値がない,位置測定時（201607〜08）に既に枯死などで位置が測定できなかった
FJ-AT1,682,stem_x y,測定値がない,位置測定時（201607〜08）に既に枯死などで位置が測定できなかった
FJ-AT1,684,mesh_x y,測定値がない,位置測定時（201607〜08）に既に枯死などで位置が測定できなかった
FJ-AT1,684,stem_x y,測定値がない,位置測定時（201607〜08）に既に枯死などで位置が測定できなかった
FJ-AT1,685,mesh_x y,測定値がない,位置測定時（201607〜08）に既に枯死などで位置が測定できなかった
FJ-AT1,685,stem_x y,測定値がない,位置測定時（201607〜08）に既に枯死などで位置が測定できなかった
FJ-AT1,688,mesh_x y,測定値がない,位置測定時（201607〜08）に既に枯死などで位置が測定できなかった
FJ-AT1,688,stem_x y,測定値がない,位置測定時（201607〜08）に既に枯死などで位置が測定できなかった
FJ-AT1,689,mesh_x y,測定値がない,位置測定時（201607〜08）に既に枯死などで位置が測定できなかった
FJ-AT1,689,stem_x y,測定値がない,位置測定時（201607〜08）に既に枯死などで位置が測定できなかった
FJ-AT1,690,mesh_x y,測定値がない,位置測定時（201607〜08）に既に枯死などで位置が測定できなかった
FJ-AT1,690,stem_x y,測定値がない,位置測定時（201607〜08）に既に枯死などで位置が測定できなかった
FJ-AT1,691,mesh_x y,測定値がない,位置測定時（201607〜08）に既に枯死などで位置が測定できなかった
FJ-AT1,691,stem_x y,測定値がない,位置測定時（201607〜08）に既に枯死などで位置が測定できなかった
FJ-AT1,693,mesh_x y,測定値がない,位置測定時（201607〜08）に既に枯死などで位置が測定できなかった
FJ-AT1,693,stem_x y,測定値がない,位置測定時（201607〜08）に既に枯死などで位置が測定できなかった
FJ-AT1,694,mesh_x y,測定値がない,位置測定時（201607〜08）に既に枯死などで位置が測定できなかった
FJ-AT1,694,stem_x y,測定値がない,位置測定時（201607〜08）に既に枯死などで位置が測定できなかった
FJ-AT1,696,gbh09,誤って「測定間違い」となっている可能性あり,
FJ-AT1,697,mesh_x y,測定値がない,位置測定時（201607〜08）に既に枯死などで位置が測定できなかった
FJ-AT1,697,stem_x y,測定値がない,位置測定時（201607〜08）に既に枯死などで位置が測定できなかった
FJ-AT1,704,mesh_x y,測定値がない,位置測定時（201607〜08）に既に枯死などで位置が測定できなかった
FJ-AT1,704,stem_x y,測定値がない,位置測定時（201607〜08）に既に枯死などで位置が測定できなかった
FJ-AT1,705,mesh_x y,測定値がない,位置測定時（201607〜08）に既に枯死などで位置が測定できなかった
FJ-AT1,705,stem_x y,測定値がない,位置測定時（201607〜08）に既に枯死などで位置が測定できなかった
FJ-AT1,707,mesh_x y,測定値がない,位置測定時（201607〜08）に既に枯死などで位置が測定できなかった
FJ-AT1,707,stem_x y,測定値がない,位置測定時（201607〜08）に既に枯死などで位置が測定できなかった
FJ-AT1,708,mesh_x y,測定値がない,位置測定時（201607〜08）に既に枯死などで位置が測定できなかった
FJ-AT1,708,stem_x y,測定値がない,位置測定時（201607〜08）に既に枯死などで位置が測定できなかった
FJ-AT1,709,mesh_x y,測定値がない,位置測定時（201607〜08）に既に枯死などで位置が測定できなかった
FJ-AT1,709,stem_x y,測定値がない,位置測定時（201607〜08）に既に枯死などで位置が測定できなかった
FJ-AT1,713,mesh_x y,測定値がない,位置測定時（201607〜08）に既に枯死などで位置が測定できなかった
FJ-AT1,713,stem_x y,測定値がない,位置測定時（201607〜08）に既に枯死などで位置が測定できなかった
FJ-AT1,714,mesh_x y,測定値がない,位置測定時（201607〜08）に既に枯死などで位置が測定できなかった
FJ-AT1,714,stem_x y,測定値がない,位置測定時（201607〜08）に既に枯死などで位置が測定できなかった
FJ-AT1,715,mesh_x y,測定値がない,位置測定時（201607〜08）に既に枯死などで位置が測定できなかった
FJ-AT1,715,stem_x y,測定値がない,位置測定時（201607〜08）に既に枯死などで位置が測定できなかった
FJ-AT1,717,mesh_x y,測定値がない,位置測定時（201607〜08）に既に枯死などで位置が測定できなかった
FJ-AT1,717,stem_x y,測定値がない,位置測定時（201607〜08）に既に枯死などで位置が測定できなかった
FJ-AT1,720,mesh_x y,測定値がない,位置測定時（201607〜08）に既に枯死などで位置が測定できなかった
FJ-AT1,720,stem_x y,測定値がない,位置測定時（201607〜08）に既に枯死などで位置が測定できなかった
FJ-AT1,721,mesh_x y,測定値がない,位置測定時（201607〜08）に既に枯死などで位置が測定できなかった
FJ-AT1,721,stem_x y,測定値がない,位置測定時（201607〜08）に既に枯死などで位置が測定できなかった
FJ-AT1,722,mesh_x y,測定値がない,位置測定時（201607〜08）に既に枯死などで位置が測定できなかった
FJ-AT1,722,stem_x y,測定値がない,位置測定時（201607〜08）に既に枯死などで位置が測定できなかった
FJ-AT1,723,mesh_x y,測定値がない,位置測定時（201607〜08）に既に枯死などで位置が測定できなかった
FJ-AT1,723,stem_x y,測定値がない,位置測定時（201607〜08）に既に枯死などで位置が測定できなかった
FJ-AT1,726,mesh_x y,測定値がない,位置測定時（201607〜08）に既に枯死などで位置が測定できなかった
FJ-AT1,726,stem_x y,測定値がない,位置測定時（201607〜08）に既に枯死などで位置が測定できなかった
FJ-AT1,729,mesh_x y,測定値がない,位置測定時（201607〜08）に既に枯死などで位置が測定できなかった
FJ-AT1,729,stem_x y,測定値がない,位置測定時（201607〜08）に既に枯死などで位置が測定できなかった
FJ-AT1,733,mesh_x y,測定値がない,位置測定時（201607〜08）に既に枯死などで位置が測定できなかった
FJ-AT1,733,stem_x y,測定値がない,位置測定時（201607〜08）に既に枯死などで位置が測定できなかった
FJ-AT1,736,mesh_x y,測定値がない,位置測定時（201607〜08）に既に枯死などで位置が測定できなかった
FJ-AT1,736,stem_x y,測定値がない,位置測定時（201607〜08）に既に枯死などで位置が測定できなかった
FJ-AT1,737,mesh_x y,測定値がない,位置測定時（201607〜08）に既に枯死などで位置が測定できなかった
FJ-AT1,737,stem_x y,測定値がない,位置測定時（201607〜08）に既に枯死などで位置が測定できなかった
FJ-AT1,739,mesh_x y,測定値がない,位置測定時（201607〜08）に既に枯死などで位置が測定できなかった
FJ-AT1,739,stem_x y,測定値がない,位置測定時（201607〜08）に既に枯死などで位置が測定できなかった
FJ-AT1,743,mesh_x y,測定値がない,位置測定時（201607〜08）に既に枯死などで位置が測定できなかった
FJ-AT1,743,stem_x y,測定値がない,位置測定時（201607〜08）に既に枯死などで位置が測定できなかった
FJ-AT1,749,mesh_x y,測定値がない,位置測定時（201607〜08）に既に枯死などで位置が測定できなかった
FJ-AT1,749,stem_x y,測定値がない,位置測定時（201607〜08）に既に枯死などで位置が測定できなかった
FJ-AT1,754,mesh_x y,測定値がない,位置測定時（201607〜08）に既に枯死などで位置が測定できなかった
FJ-AT1,754,stem_x y,測定値がない,位置測定時（201607〜08）に既に枯死などで位置が測定できなかった
FJ-AT1,755,mesh_x y,測定値がない,位置測定時（201607〜08）に既に枯死などで位置が測定できなかった
FJ-AT1,755,stem_x y,測定値がない,位置測定時（201607〜08）に既に枯死などで位置が測定できなかった
FJ-AT1,757,mesh_x y,測定値がない,位置測定時（201607〜08）に既に枯死などで位置が測定できなかった
FJ-AT1,757,stem_x y,測定値がない,位置測定時（201607〜08）に既に枯死などで位置が測定できなかった
FJ-AT1,765,mesh_x y,測定値がない,位置測定時（201607〜08）に既に枯死などで位置が測定できなかった
FJ-AT1,765,stem_x y,測定値がない,位置測定時（201607〜08）に既に枯死などで位置が測定できなかった
FJ-AT1,766,mesh_x y,測定値がない,位置測定時（201607〜08）に既に枯死などで位置が測定できなかった
FJ-AT1,766,stem_x y,測定値がない,位置測定時（201607〜08）に既に枯死などで位置が測定できなかった
FJ-AT1,770,mesh_x y,測定値がない,位置測定時（201607〜08）に既に枯死などで位置が測定できなかった
FJ-AT1,770,stem_x y,測定値がない,位置測定時（201607〜08）に既に枯死などで位置が測定できなかった
FJ-AT1,771,mesh_x y,測定値がない,位置測定時（201607〜08）に既に枯死などで位置が測定できなかった
FJ-AT1,771,stem_x y,測定値がない,位置測定時（201607〜08）に既に枯死などで位置が測定できなかった
FJ-AT1,772,mesh_x y,測定値がない,位置測定時（201607〜08）に既に枯死などで位置が測定できなかった
FJ-AT1,772,stem_x y,測定値がない,位置測定時（201607〜08）に既に枯死などで位置が測定できなかった
FJ-AT1,774,mesh_x y,測定値がない,位置測定時（201607〜08）に既に枯死などで位置が測定できなかった
FJ-AT1,774,stem_x y,測定値がない,位置測定時（201607〜08）に既に枯死などで位置が測定できなかった
FJ-AT1,778,mesh_x y,測定値がない,位置測定時（201607〜08）に既に枯死などで位置が測定できなかった
FJ-AT1,778,stem_x y,測定値がない,位置測定時（201607〜08）に既に枯死などで位置が測定できなかった
FJ-AT1,782,mesh_x y,測定値がない,位置測定時（201607〜08）に既に枯死などで位置が測定できなかった
FJ-AT1,782,stem_x y,測定値がない,位置測定時（201607〜08）に既に枯死などで位置が測定できなかった
FJ-AT1,783,mesh_x y,測定値がない,位置測定時（201607〜08）に既に枯死などで位置が測定できなかった
FJ-AT1,783,stem_x y,測定値がない,位置測定時（201607〜08）に既に枯死などで位置が測定できなかった
FJ-AT1,784,mesh_x y,測定値がない,位置測定時（201607〜08）に既に枯死などで位置が測定できなかった
FJ-AT1,784,stem_x y,測定値がない,位置測定時（201607〜08）に既に枯死などで位置が測定できなかった
FJ-AT1,785,mesh_x y,測定値がない,位置測定時（201607〜08）に既に枯死などで位置が測定できなかった
FJ-AT1,785,stem_x y,測定値がない,位置測定時（201607〜08）に既に枯死などで位置が測定できなかった
FJ-AT1,787,mesh_x y,測定値がない,位置測定時（201607〜08）に既に枯死などで位置が測定できなかった
FJ-AT1,787,stem_x y,測定値がない,位置測定時（201607〜08）に既に枯死などで位置が測定できなかった
FJ-AT1,794,mesh_x y,測定値がない,位置測定時（201607〜08）に既に枯死などで位置が測定できなかった
FJ-AT1,794,stem_x y,測定値がない,位置測定時（201607〜08）に既に枯死などで位置が測定できなかった
FJ-AT1,796,mesh_x y,測定値がない,位置測定時（201607〜08）に既に枯死などで位置が測定できなかった
FJ-AT1,796,stem_x y,測定値がない,位置測定時（201607〜08）に既に枯死などで位置が測定できなかった
FJ-AT1,799,mesh_x y,測定値がない,位置測定時（201607〜08）に既に枯死などで位置が測定できなかった
FJ-AT1,799,stem_x y,測定値がない,位置測定時（201607〜08）に既に枯死などで位置が測定できなかった
FJ-AT1,800,mesh_x y,測定値がない,位置測定時（201607〜08）に既に枯死などで位置が測定できなかった
FJ-AT1,800,stem_x y,測定値がない,位置測定時（201607〜08）に既に枯死などで位置が測定できなかった
FJ-AT1,805,gbh09,誤って「測定間違い」となっている可能性あり,
FJ-AT1,806,mesh_x y,測定値がない,位置測定時（201607〜08）に既に枯死などで位置が測定できなかった
FJ-AT1,806,stem_x y,測定値がない,位置測定時（201607〜08）に既に枯死などで位置が測定できなかった
FJ-AT1,809,mesh_x y,測定値がない,位置測定時（201607〜08）に既に枯死などで位置が測定できなかった
FJ-AT1,809,stem_x y,測定値がない,位置測定時（201607〜08）に既に枯死などで位置が測定できなかった
FJ-AT1,821,mesh_x y,測定値がない,位置測定時（201607〜08）に既に枯死などで位置が測定できなかった
FJ-AT1,821,stem_x y,測定値がない,位置測定時（201607〜08）に既に枯死などで位置が測定できなかった
FJ-AT1,824,mesh_x y,測定値がない,位置測定時（201607〜08）に既に枯死などで位置が測定できなかった
FJ-AT1,824,stem_x y,測定値がない,位置測定時（201607〜08）に既に枯死などで位置が測定できなかった
FJ-AT1,825,mesh_x y,測定値がない,位置測定時（201607〜08）に既に枯死などで位置が測定できなかった
FJ-AT1,825,stem_x y,測定値がない,位置測定時（201607〜08）に既に枯死などで位置が測定できなかった
FJ-AT1,826,mesh_x y,測定値がない,位置測定時（201607〜08）に既に枯死などで位置が測定できなかった
FJ-AT1,826,stem_x y,測定値がない,位置測定時（201607〜08）に既に枯死などで位置が測定できなかった
FJ-AT1,827,mesh_x y,測定値がない,位置測定時（201607〜08）に既に枯死などで位置が測定できなかった
FJ-AT1,827,stem_x y,測定値がない,位置測定時（201607〜08）に既に枯死などで位置が測定できなかった
FJ-AT1,828,mesh_x y,測定値がない,位置測定時（201607〜08）に既に枯死などで位置が測定できなかった
FJ-AT1,828,stem_x y,測定値がない,位置測定時（201607〜08）に既に枯死などで位置が測定できなかった
FJ-AT1,831,mesh_x y,測定値がない,位置測定時（201607〜08）に既に枯死などで位置が測定できなかった
FJ-AT1,831,stem_x y,測定値がない,位置測定時（201607〜08）に既に枯死などで位置が測定できなかった
FJ-AT1,837,mesh_x y,測定値がない,位置測定時（201607〜08）に既に枯死などで位置が測定できなかった
FJ-AT1,837,stem_x y,測定値がない,位置測定時（201607〜08）に既に枯死などで位置が測定できなかった
FJ-AT1,838,mesh_x y,測定値がない,位置測定時（201607〜08）に既に枯死などで位置が測定できなかった
FJ-AT1,838,stem_x y,測定値がない,位置測定時（201607〜08）に既に枯死などで位置が測定できなかった
FJ-AT1,841,mesh_x y,測定値がない,位置測定時（201607〜08）に既に枯死などで位置が測定できなかった
FJ-AT1,841,stem_x y,測定値がない,位置測定時（201607〜08）に既に枯死などで位置が測定できなかった
FJ-AT1,846,mesh_x y,測定値がない,位置測定時（201607〜08）に既に枯死などで位置が測定できなかった
FJ-AT1,846,stem_x y,測定値がない,位置測定時（201607〜08）に既に枯死などで位置が測定できなかった
FJ-AT1,850,mesh_x y,測定値がない,位置測定時（201607〜08）に既に枯死などで位置が測定できなかった
FJ-AT1,850,stem_x y,測定値がない,位置測定時（201607〜08）に既に枯死などで位置が測定できなかった
FJ-AT1,852,mesh_x y,測定値がない,位置測定時（201607〜08）に既に枯死などで位置が測定できなかった
FJ-AT1,852,stem_x y,測定値がない,位置測定時（201607〜08）に既に枯死などで位置が測定できなかった
FJ-AT1,853,mesh_x y,測定値がない,位置測定時（201607〜08）に既に枯死などで位置が測定できなかった
FJ-AT1,853,stem_x y,測定値がない,位置測定時（201607〜08）に既に枯死などで位置が測定できなかった
FJ-AT1,854,mesh_x y,測定値がない,位置測定時（201607〜08）に既に枯死などで位置が測定できなかった
FJ-AT1,854,stem_x y,測定値がない,位置測定時（201607〜08）に既に枯死などで位置が測定できなかった
FJ-AT1,857,mesh_x y,測定値がない,位置測定時（201607〜08）に既に枯死などで位置が測定できなかった
FJ-AT1,857,stem_x y,測定値がない,位置測定時（201607〜08）に既に枯死などで位置が測定できなかった
FJ-AT1,860,mesh_x y,測定値がない,位置測定時（201607〜08）に既に枯死などで位置が測定できなかった
FJ-AT1,860,stem_x y,測定値がない,位置測定時（201607〜08）に既に枯死などで位置が測定できなかった
FJ-AT1,863,mesh_x y,測定値がない,位置測定時（201607〜08）に既に枯死などで位置が測定できなかった
FJ-AT1,863,stem_x y,測定値がない,位置測定時（201607〜08）に既に枯死などで位置が測定できなかった
FJ-AT1,864,mesh_x y,測定値がない,位置測定時（201607〜08）に既に枯死などで位置が測定できなかった
FJ-AT1,864,stem_x y,測定値がない,位置測定時（201607〜08）に既に枯死などで位置が測定できなかった
FJ-AT1,866,mesh_x y,測定値がない,位置測定時（201607〜08）に既に枯死などで位置が測定できなかった
FJ-AT1,866,stem_x y,測定値がない,位置測定時（201607〜08）に既に枯死などで位置が測定できなかった
FJ-AT1,867,mesh_x y,測定値がない,位置測定時（201607〜08）に既に枯死などで位置が測定できなかった
FJ-AT1,867,stem_x y,測定値がない,位置測定時（201607〜08）に既に枯死などで位置が測定できなかった
FJ-AT1,871,mesh_x y,測定値がない,位置測定時（201607〜08）に既に枯死などで位置が測定できなかった
FJ-AT1,871,stem_x y,測定値がない,位置測定時（201607〜08）に既に枯死などで位置が測定できなかった
FJ-AT1,880,mesh_x y,測定値がない,位置測定時（201607〜08）に既に枯死などで位置が測定できなかった
FJ-AT1,880,stem_x y,測定値がない,位置測定時（201607〜08）に既に枯死などで位置が測定できなかった
FJ-AT1,882,mesh_x y,測定値がない,位置測定時（201607〜08）に既に枯死などで位置が測定できなかった
FJ-AT1,882,stem_x y,測定値がない,位置測定時（201607〜08）に既に枯死などで位置が測定できなかった
FJ-AT1,883,mesh_x y,測定値がない,位置測定時（201607〜08）に既に枯死などで位置が測定できなかった
FJ-AT1,883,stem_x y,測定値がない,位置測定時（201607〜08）に既に枯死などで位置が測定できなかった
FJ-AT1,884,mesh_x y,測定値がない,位置測定時（201607〜08）に既に枯死などで位置が測定できなかった
FJ-AT1,884,stem_x y,測定値がない,位置測定時（201607〜08）に既に枯死などで位置が測定できなかった
FJ-AT1,885,mesh_x y,測定値がない,位置測定時（201607〜08）に既に枯死などで位置が測定できなかった
FJ-AT1,885,stem_x y,測定値がない,位置測定時（201607〜08）に既に枯死などで位置が測定できなかった
FJ-AT1,886,mesh_x y,測定値がない,位置測定時（201607〜08）に既に枯死などで位置が測定できなかった
FJ-AT1,886,stem_x y,測定値がない,位置測定時（201607〜08）に既に枯死などで位置が測定できなかった
FJ-AT1,887,mesh_x y,測定値がない,位置測定時（201607〜08）に既に枯死などで位置が測定できなかった
FJ-AT1,887,stem_x y,測定値がない,位置測定時（201607〜08）に既に枯死などで位置が測定できなかった
FJ-AT1,888,mesh_x y,測定値がない,位置測定時（201607〜08）に既に枯死などで位置が測定できなかった
FJ-AT1,888,stem_x y,測定値がない,位置測定時（201607〜08）に既に枯死などで位置が測定できなかった
FJ-AT1,889,mesh_x y,測定値がない,位置測定時（201607〜08）に既に枯死などで位置が測定できなかった
FJ-AT1,889,stem_x y,測定値がない,位置測定時（201607〜08）に既に枯死などで位置が測定できなかった
FJ-AT1,894,mesh_x y,測定値がない,位置測定時（201607〜08）に既に枯死などで位置が測定できなかった
FJ-AT1,894,stem_x y,測定値がない,位置測定時（201607〜08）に既に枯死などで位置が測定できなかった
FJ-AT1,898,mesh_x y,測定値がない,位置測定時（201607〜08）に既に枯死などで位置が測定できなかった
FJ-AT1,898,stem_x y,測定値がない,位置測定時（201607〜08）に既に枯死などで位置が測定できなかった
FJ-AT1,901,mesh_x y,測定値がない,位置測定時（201607〜08）に既に枯死などで位置が測定できなかった
FJ-AT1,901,stem_x y,測定値がない,位置測定時（201607〜08）に既に枯死などで位置が測定できなかった
FJ-AT1,903,mesh_x y,測定値がない,位置測定時（201607〜08）に既に枯死などで位置が測定できなかった
FJ-AT1,903,stem_x y,測定値がない,位置測定時（201607〜08）に既に枯死などで位置が測定できなかった
FJ-AT1,904,mesh_x y,測定値がない,位置測定時（201607〜08）に既に枯死などで位置が測定できなかった
FJ-AT1,904,stem_x y,測定値がない,位置測定時（201607〜08）に既に枯死などで位置が測定できなかった
FJ-AT1,905,mesh_x y,測定値がない,位置測定時（201607〜08）に既に枯死などで位置が測定できなかった
FJ-AT1,905,stem_x y,測定値がない,位置測定時（201607〜08）に既に枯死などで位置が測定できなかった
FJ-AT1,909,mesh_x y,測定値がない,位置測定時（201607〜08）に既に枯死などで位置が測定できなかった
FJ-AT1,909,stem_x y,測定値がない,位置測定時（201607〜08）に既に枯死などで位置が測定できなかった
FJ-AT1,912,mesh_x y,測定値がない,位置測定時（201607〜08）に既に枯死などで位置が測定できなかった
FJ-AT1,912,stem_x y,測定値がない,位置測定時（201607〜08）に既に枯死などで位置が測定できなかった
FJ-AT1,913,mesh_x y,測定値がない,位置測定時（201607〜08）に既に枯死などで位置が測定できなかった
FJ-AT1,913,stem_x y,測定値がない,位置測定時（201607〜08）に既に枯死などで位置が測定できなかった
FJ-AT1,925,mesh_x y,測定値がない,位置測定時（201607〜08）に既に枯死などで位置が測定できなかった
FJ-AT1,925,stem_x y,測定値がない,位置測定時（201607〜08）に既に枯死などで位置が測定できなかった
FJ-AT1,926,mesh_x y,測定値がない,位置測定時（201607〜08）に既に枯死などで位置が測定できなかった
FJ-AT1,926,stem_x y,測定値がない,位置測定時（201607〜08）に既に枯死などで位置が測定できなかった
FJ-AT1,934,mesh_x y,測定値がない,位置測定時（201607〜08）に既に枯死などで位置が測定できなかった
FJ-AT1,934,stem_x y,測定値がない,位置測定時（201607〜08）に既に枯死などで位置が測定できなかった
FJ-AT1,935,mesh_x y,測定値がない,位置測定時（201607〜08）に既に枯死などで位置が測定できなかった
FJ-AT1,935,stem_x y,測定値がない,位置測定時（201607〜08）に既に枯死などで位置が測定できなかった
FJ-AT1,937,mesh_x y,測定値がない,位置測定時（201607〜08）に既に枯死などで位置が測定できなかった
FJ-AT1,937,stem_x y,測定値がない,位置測定時（201607〜08）に既に枯死などで位置が測定できなかった
FJ-AT1,941,mesh_x y,測定値がない,位置測定時（201607〜08）に既に枯死などで位置が測定できなかった
FJ-AT1,941,stem_x y,測定値がない,位置測定時（201607〜08）に既に枯死などで位置が測定できなかった
FJ-AT1,948,mesh_x y,測定値がない,位置測定時（201607〜08）に既に枯死などで位置が測定できなかった
FJ-AT1,948,stem_x y,測定値がない,位置測定時（201607〜08）に既に枯死などで位置が測定できなかった
FJ-AT1,952,mesh_x y,測定値がない,位置測定時（201607〜08）に既に枯死などで位置が測定できなかった
FJ-AT1,952,stem_x y,測定値がない,位置測定時（201607〜08）に既に枯死などで位置が測定できなかった
FJ-AT1,953,mesh_x y,測定値がない,位置測定時（201607〜08）に既に枯死などで位置が測定できなかった
FJ-AT1,953,stem_x y,測定値がない,位置測定時（201607〜08）に既に枯死などで位置が測定できなかった
FJ-AT1,954,mesh_x y,測定値がない,位置測定時（201607〜08）に既に枯死などで位置が測定できなかった
FJ-AT1,954,stem_x y,測定値がない,位置測定時（201607〜08）に既に枯死などで位置が測定できなかった
FJ-AT1,955,mesh_x y,測定値がない,位置測定時（201607〜08）に既に枯死などで位置が測定できなかった
FJ-AT1,955,stem_x y,測定値がない,位置測定時（201607〜08）に既に枯死などで位置が測定できなかった
FJ-AT1,957,mesh_x y,測定値がない,位置測定時（201607〜08）に既に枯死などで位置が測定できなかった
FJ-AT1,957,stem_x y,測定値がない,位置測定時（201607〜08）に既に枯死などで位置が測定できなかった
FJ-AT1,958,mesh_x y,測定値がない,位置測定時（201607〜08）に既に枯死などで位置が測定できなかった
FJ-AT1,958,stem_x y,測定値がない,位置測定時（201607〜08）に既に枯死などで位置が測定できなかった
FJ-AT1,960,mesh_x y,測定値がない,位置測定時（201607〜08）に既に枯死などで位置が測定できなかった
FJ-AT1,960,stem_x y,測定値がない,位置測定時（201607〜08）に既に枯死などで位置が測定できなかった
FJ-AT1,962,mesh_x y,測定値がない,位置測定時（201607〜08）に既に枯死などで位置が測定できなかった
FJ-AT1,962,stem_x y,測定値がない,位置測定時（201607〜08）に既に枯死などで位置が測定できなかった
FJ-AT1,964,mesh_x y,測定値がない,位置測定時（201607〜08）に既に枯死などで位置が測定できなかった
FJ-AT1,964,stem_x y,測定値がない,位置測定時（201607〜08）に既に枯死などで位置が測定できなかった
FJ-AT1,968,mesh_x y,測定値がない,位置測定時（201607〜08）に既に枯死などで位置が測定できなかった
FJ-AT1,968,stem_x y,測定値がない,位置測定時（201607〜08）に既に枯死などで位置が測定できなかった
FJ-AT1,966_547,mesh_x y,測定値がない,位置測定時（201607〜08）に既に枯死などで位置が測定できなかった
FJ-AT1,966_547,stem_x y,測定値がない,位置測定時（201607〜08）に既に枯死などで位置が測定できなかった
FJ-AT1,970_578,mesh_x y,測定値がない,位置測定時（201607〜08）に既に枯死などで位置が測定できなかった
FJ-AT1,970_578,stem_x y,測定値がない,位置測定時（201607〜08）に既に枯死などで位置が測定できなかった
FJ-AT1,972_597,mesh_x y,測定値がない,位置測定時（201607〜08）に既に枯死などで位置が測定できなかった
FJ-AT1,972_597,stem_x y,測定値がない,位置測定時（201607〜08）に既に枯死などで位置が測定できなかった
FJ-AT1,973_643,mesh_x y,測定値がない,位置測定時（201607〜08）に既に枯死などで位置が測定できなかった
FJ-AT1,973_643,stem_x y,測定値がない,位置測定時（201607〜08）に既に枯死などで位置が測定できなかった
FJ-AT1,974_新1,mesh_x y,測定値がない,位置測定時（201607〜08）に既に枯死などで位置が測定できなかった
FJ-AT1,974_新1,stem_x y,測定値がない,位置測定時（201607〜08）に既に枯死などで位置が測定できなかった
FJ-AT1,975_新2,mesh_x y,測定値がない,位置測定時（201607〜08）に既に枯死などで位置が測定できなかった
FJ-AT1,975_新2,stem_x y,測定値がない,位置測定時（201607〜08）に既に枯死などで位置が測定できなかった
FJ-AT1,977_新3,mesh_x y,測定値がない,位置測定時（201607〜08）に既に枯死などで位置が測定できなかった
FJ-AT1,977_新3,stem_x y,測定値がない,位置測定時（201607〜08）に既に枯死などで位置が測定できなかった
FJ-AT1,na1,mesh_x y,測定値がない,位置測定時（201607〜08）に既に枯死などで位置が測定できなかった
FJ-AT1,na1,stem_x y,測定値がない,位置測定時（201607〜08）に既に枯死などで位置が測定できなかった
FJ-AT1,na2,mesh_x y,測定値がない,位置測定時（201607〜08）に既に枯死などで位置が測定できなかった
FJ-AT1,na2,stem_x y,測定値がない,位置測定時（201607〜08）に既に枯死などで位置が測定できなかった
HD-DB1,B68,gbh16,成長量が基準値より大きい、測定間違い？,カラスザンショウのため成長が良い
HD-DB1,B77,gbh16,成長量が基準値より大きい、測定間違い？,カラスザンショウのため成長が良い
HD-DB1,B78,gbh16,成長量が基準値より大きい、測定間違い？,カラスザンショウのため成長が良い
HD-DB1,B83,gbh16,成長量が基準値より大きい、測定間違い？,カラスザンショウのため成長が良い
HD-DB1,B86,gbh16,成長量が基準値より大きい、測定間違い？,カラスザンショウのため成長が良い
HD-DB1,B88,gbh16,成長量が基準値より大きい、測定間違い？,カラスザンショウのため成長が良い
HD-DB1,B92,gbh16,成長量が基準値より大きい、測定間違い？,カラスザンショウのため成長が良い
HD-DB1,B95,gbh16,成長量が基準値より大きい、測定間違い？,カラスザンショウのため成長が良い
HD-DB1,B96,gbh16,成長量が基準値より大きい、測定間違い？,カラスザンショウのため成長が良い
HD-DB1,D509,gbh16,成長量が基準値より大きい、測定間違い？,カラスザンショウのため成長が良い
IC-BC1,261,stem_x y,測定値がない,過去の枯死個体のため、もはや不明とするしかない
IC-BC1,262,stem_x y,測定値がない,過去の枯死個体のため、もはや不明とするしかない
IC-BC1,N１,stem_x y,測定値がない,過去の枯死個体のため、もはや不明とするしかない
IC-BC1,PD371,stem_x y,測定値がない,過去の枯死個体のため、もはや不明とするしかない
IC-BC1,YB237,stem_x y,測定値がない,過去の枯死個体のため、もはや不明とするしかない
KG-EC1,1011,gbh12,誤って「nd: 測定間違い」となっている可能性あり,正しく測定間違い
KS-DB1,645,gbh13,セルの中身が空白,（座標がないので修正不可能）
KY-DB1,A0010,gbh19,前年まで生存だが、当年はnaの個体、枯死？,問題なし：主幹折れ倒木巻き込まれ死にかけで、計測不能
KY-DB1,A0113,gbh17,誤って「測定間違い」となっている可能性あり,サイト判断
KY-DB1,A0493,gbh17,誤って「測定間違い」となっている可能性あり,問題なし：正しく「測定間違い」となっている:ndが頭に付く
KY-DB1,A0780,,タグ番号の重複,修正（2018年に一旦枯死したが2019年に再生したため、新規加入にしてしまっていた）
KY-DB1,A0780,gbh18=na で gbh19=28.6,新規加入個体だが、「当年のgbhは22cm以上＆前年はna」のため前年計測忘れの疑い,修正（2018年に一旦枯死したが2019年に再生したため、新規加入にしてしまっていた）
KY-DB1,A0831,,タグ番号の重複,修正（2018年測定漏れで枯死と誤って判断されたのか、2019年に行を新たに追加していたため）
KY-DB1,A0840,gbh18=na で gbh19=23.5,新規加入個体だが、「当年のgbhは22cm以上＆前年はna」のため前年計測忘れの疑い,修正（データ入力時のミス）
KY-DB1,A0840,gbh12に枯死,枯死の次の調査以降のgbhが「na」もしくは「dd」になっていない,修正（データ入力時のミス）
KY-DB1,A0843,gbh18=na で gbh19=24.5,新規加入個体だが、「当年のgbhは22cm以上＆前年はna」のため前年計測忘れの疑い,修正（データ入力時のミス）
KY-DB1,A0843,gbh11に枯死,枯死の次の調査以降のgbhが「na」もしくは「dd」になっていない,修正（データ入力時のミス）
KY-DB1,A0847,gbh18=na で gbh19=70.6,新規加入個体だが、「当年のgbhは22cm以上＆前年はna」のため前年計測忘れの疑い,修正（データ入力時のミス）
KY-DB1,A0847,gbh07に枯死,枯死の次の調査以降のgbhが「na」もしくは「dd」になっていない,修正（データ入力時のミス）
KY-DB1,A0850,gbh18=na で gbh19=72.3,新規加入個体だが、「当年のgbhは22cm以上＆前年はna」のため前年計測忘れの疑い,修正（データ入力時のミス）
KY-DB1,A0850,gbh17に枯死,枯死の次の調査以降のgbhが「na」もしくは「dd」になっていない,修正（データ入力時のミス）
KY-DB1,A0854,gbh07に枯死,枯死の次の調査以降のgbhが「na」もしくは「dd」になっていない,修正（データ入力時のミス）
KY-DB1,A0856,gbh07に枯死,枯死の次の調査以降のgbhが「na」もしくは「dd」になっていない,修正（データ入力時のミス）
KY-DB1,A0861,gbh16に枯死,枯死の次の調査以降のgbhが「na」もしくは「dd」になっていない,修正（データ入力時のミス）
KY-DB1,A0871,gbh15に枯死,枯死の次の調査以降のgbhが「na」もしくは「dd」になっていない,修正（データ入力時のミス）
KY-DB1,A0891,gbh18=na で gbh19=289.1,新規加入個体だが、「当年のgbhは22cm以上＆前年はna」のため前年計測忘れの疑い,修正（データ入力時のミス）
KY-DB1,A0891,gbh14に枯死,枯死の次の調査以降のgbhが「na」もしくは「dd」になっていない,修正（データ入力時のミス）
KY-DB1,A0897,gbh13に枯死,枯死の次の調査以降のgbhが「na」もしくは「dd」になっていない,修正（データ入力時のミス）
KY-DB1,A0899,gbh09に枯死,枯死の次の調査以降のgbhが「na」もしくは「dd」になっていない,修正（データ入力時のミス）
KY-DB1,A0908,gbh18=na で gbh19=182.7,新規加入個体だが、「当年のgbhは22cm以上＆前年はna」のため前年計測忘れの疑い,修正（データ入力時のミス）
KY-DB1,A0908,gbh07に枯死,枯死の次の調査以降のgbhが「na」もしくは「dd」になっていない,修正（データ入力時のミス）
KY-DB1,A0918,gbh18=na で gbh19=79.8,新規加入個体だが、「当年のgbhは22cm以上＆前年はna」のため前年計測忘れの疑い,修正（データ入力時のミス）
KY-DB1,A0918,gbh09に枯死,枯死の次の調査以降のgbhが「na」もしくは「dd」になっていない,修正（データ入力時のミス）
KY-DB1,A0925,gbh18=na で gbh19=160.6,新規加入個体だが、「当年のgbhは22cm以上＆前年はna」のため前年計測忘れの疑い,修正（データ入力時のミス）
KY-DB1,A0925,gbh15に枯死,枯死の次の調査以降のgbhが「na」もしくは「dd」になっていない,修正（データ入力時のミス）
KY-DB1,A0927,gbh18=na で gbh19=212.5,新規加入個体だが、「当年のgbhは22cm以上＆前年はna」のため前年計測忘れの疑い,修正（データ入力時のミス）
KY-DB1,A0927,gbh15に枯死,枯死の次の調査以降のgbhが「na」もしくは「dd」になっていない,修正（データ入力時のミス）
KY-DB1,A0965とA1133とA1134,ウリハダカエデ と テツカエデ,同株だが樹種が異なる,2020年に要確認
KY-DB1,A1100,,タグ番号の重複,修正（2011年の位置記入ミスによる重複）
KY-DB1,A1161,サワフタギ,変則的な種名もしくは標準和名だがモニ1000リストにない種,？サワフタギは他にも出現しており問題ないと思うが、念のため再入力
KY-DB1,A1186,,タグ番号の重複,修正（2017年に同定ミスおよび位置間違えのため）
KY-DB1,A1186とA1186,ノリウツギ と テツカエデ,同株だが樹種が異なる,修正（2017年に同定ミスおよび位置間違えのため）
KY-DB1,A1203,gbh18=na で gbh19=25,新規加入個体だが、「当年のgbhは22cm以上＆前年はna」のため前年計測忘れの疑い,問題なし
OS-EC1,14,gbh17,誤って「測定間違い」となっている可能性あり,
OS-EC1,126,gbh17,誤って「測定間違い」となっている可能性あり,
OS-EC1,147,gbh17,誤って「測定間違い」となっている可能性あり,
OS-EC1,535,gbh18,誤って「測定間違い」となっている可能性あり,
OS-EC1,702,gbh18,誤って「測定間違い」となっている可能性あり,
OS-EC1,727,"stem_xcord, stem_ycord","空白、nd,naになっている",
OS-EC1,742,"stem_xcord, stem_ycord","空白、nd,naになっている",
OS-EC1,779,"stem_xcord, stem_ycord","空白、nd,naになっている",
OS-EC1,903,gbh18,誤って「測定間違い」となっている可能性あり,
OS-EC1,721_2016,"stem_xcord, stem_ycord","空白、nd,naになっている",
OT-EC1,B0045,gbh17,誤って「測定間違い」となっている可能性あり,正しく「測定間違い」となっている:ndが頭に付く
OT-EC1,B0163,gbh17,誤って「測定間違い」となっている可能性あり,正しく「測定間違い」となっている:ndが頭に付く
OT-EC1,B0183,gbh17,誤って「測定間違い」となっている可能性あり,正しく「測定間違い」となっている:ndが頭に付く
OT-EC1,B0199,gbh16,誤って「測定間違い」となっている可能性あり,正しく「測定間違い」となっている:ndが頭に付く
OT-EC1,B0291,gbh17,誤って「測定間違い」となっている可能性あり,正しく「測定間違い」となっている:ndが頭に付く
OT-EC1,B0465,gbh18,誤って「測定間違い」となっている可能性あり,正しく「測定間違い」となっている:ndが頭に付く
OT-EC1,B0473,gbh16,誤って「測定間違い」となっている可能性あり,正しく「測定間違い」となっている:ndが頭に付く
OT-EC1,B0495,gbh19,成長量が基準値より小さい、測定間違い？,桁間違いのため修正
OT-EC1,B0560,gbh15,誤って「測定間違い」となっている可能性あり,正しく「測定間違い」となっている:ndが頭に付く
OT-EC1,B0560,gbh18,誤って「測定間違い」となっている可能性あり,正しく「測定間違い」となっている:ndが頭に付く
OT-EC1,B0568,gbh18,誤って「測定間違い」となっている可能性あり,正しく「測定間違い」となっている:ndが頭に付く
OT-EC1,B0617とB0618とB0704,オオシラビソ と コメツガ,同株だが樹種が異なる,樹種名変更のため修正（全てオオシラビソに）
OT-EC1,B0718,gbh17=na で gbh18=54.9,新規加入個体だが、「当年のgbhは22cm以上＆前年はna」のため前年計測忘れの疑い,2017年に新規加入でよいが、念のため2020年位置を確認する
OW-EB1,170,gbh06=na; gbh11=33,新規加入個体だが、加入時のgbhが基準より大きいのため前回計測忘れの疑い,大株の萌芽が成長したものであり，そのままにしている
OW-EB1,197,gbh11,成長量が基準値より大きい。測定ミス？,アカギは成長が速いので，そのままにしている
OW-EB1,857,gbh11=na; gbh16=40,新規加入個体だが、加入時のgbhが基準より大きいのため前回計測忘れの疑い,マルハチは木生シダで稚樹のときから直径が大きいため，そのままにしている
OW-EB1,875,gbh11=na; gbh16=49.3,新規加入個体だが、加入時のgbhが基準より大きいのため前回計測忘れの疑い,マルハチは木生シダで稚樹のときから直径が大きいため，そのままにしている
OW-EB1,888,gbh11=na; gbh16=31.5,新規加入個体だが、加入時のgbhが基準より大きいのため前回計測忘れの疑い,問題なし
OW-EB1,1522,gbh11=na; gbh16=40.5,新規加入個体だが、加入時のgbhが基準より大きいのため前回計測忘れの疑い,マルハチは木生シダで稚樹のときから直径が大きいため，そのままにしている
OW-EB1,1541,gbh11=na; gbh16=61.3,新規加入個体だが、加入時のgbhが基準より大きいのため前回計測忘れの疑い,ウラジロエノキは成長が速いので，そのままにしている
OW-EB1,1547,gbh11=na; gbh16=39.3,新規加入個体だが、加入時のgbhが基準より大きいのため前回計測忘れの疑い,ヘゴは木生シダで稚樹のときから直径が大きいため，そのままにしている
OW-EB1,1548,gbh16,成長量が基準値より大きい。測定ミス？,問題なし
OW-EB1,1766,gbh11=na; gbh16=33,新規加入個体だが、加入時のgbhが基準より大きいのため前回計測忘れの疑い,マルハチは木生シダで稚樹のときから直径が大きいため，そのままにしている
OW-EB1,1768,gbh11=na; gbh16=43.9,新規加入個体だが、加入時のgbhが基準より大きいのため前回計測忘れの疑い,マルハチは木生シダで稚樹のときから直径が大きいため，そのままにしている
OW-EB1,1790,gbh11=na; gbh16=45.8,新規加入個体だが、加入時のgbhが基準より大きいのため前回計測忘れの疑い,マルハチは木生シダで稚樹のときから直径が大きいため，そのままにしている
OW-EB1,1794,gbh11=na; gbh16=37.7,新規加入個体だが、加入時のgbhが基準より大きいのため前回計測忘れの疑い,マルハチは木生シダで稚樹のときから直径が大きいため，そのままにしている
OW-EB1,1818,gbh11=na; gbh16=48.2,新規加入個体だが、加入時のgbhが基準より大きいのため前回計測忘れの疑い,マルハチは木生シダで稚樹のときから直径が大きいため，そのままにしている
OW-EB1,1819,gbh11=na; gbh16=35.5,新規加入個体だが、加入時のgbhが基準より大きいのため前回計測忘れの疑い,マルハチは木生シダで稚樹のときから直径が大きいため，そのままにしている
OW-EB1,1821,gbh11=na; gbh16=35.3,新規加入個体だが、加入時のgbhが基準より大きいのため前回計測忘れの疑い,マルハチは木生シダで稚樹のときから直径が大きいため，そのままにしている
OW-EB1,1822,gbh11=na; gbh16=35.8,新規加入個体だが、加入時のgbhが基準より大きいのため前回計測忘れの疑い,マルハチは木生シダで稚樹のときから直径が大きいため，そのままにしている
OW-EB1,1823,gbh11=na; gbh16=52.8,新規加入個体だが、加入時のgbhが基準より大きいのため前回計測忘れの疑い,マルハチは木生シダで稚樹のときから直径が大きいため，そのままにしている
OW-EB1,1824,gbh11=na; gbh16=37,新規加入個体だが、加入時のgbhが基準より大きいのため前回計測忘れの疑い,マルハチは木生シダで稚樹のときから直径が大きいため，そのままにしている
OW-EB1,1839,gbh11=na; gbh16=41.2,新規加入個体だが、加入時のgbhが基準より大きいのため前回計測忘れの疑い,ウラジロエノキは成長が速いので，そのままにしている
OW-EB1,1852,gbh16,成長量が基準値より大きい。測定ミス？,ウラジロエノキは成長が速いので，そのままにしている
OW-EB1,1852,gbh06=na; gbh11=41.5,新規加入個体だが、加入時のgbhが基準より大きいのため前回計測忘れの疑い,ウラジロエノキは成長が速いので，そのままにしている
OW-EB1,1853,gbh16,成長量が基準値より大きい。測定ミス？,ウラジロエノキは成長が速いので，そのままにしている
OW-EB1,1883,gbh11=na; gbh16=45.2,新規加入個体だが、加入時のgbhが基準より大きいのため前回計測忘れの疑い,ウラジロエノキは成長が速いので，そのままにしている
OW-EB1,1885,gbh11=na; gbh16=38.5,新規加入個体だが、加入時のgbhが基準より大きいのため前回計測忘れの疑い,マルハチは木生シダで稚樹のときから直径が大きいため，そのままにしている
OW-EB1,1909,gbh11=na; gbh16=32,新規加入個体だが、加入時のgbhが基準より大きいのため前回計測忘れの疑い,大株の萌芽が成長したものであり，そのままにしている
OW-EB1,1911,gbh11=na; gbh16=40.5,新規加入個体だが、加入時のgbhが基準より大きいのため前回計測忘れの疑い,マルハチは木生シダで稚樹のときから直径が大きいため，そのままにしている
OW-EB1,1916,gbh11=na; gbh16=56.1,新規加入個体だが、加入時のgbhが基準より大きいのため前回計測忘れの疑い,大株の萌芽が成長したものであり，そのままにしている
OW-EB1,1951,gbh11=na; gbh16=33.9,新規加入個体だが、加入時のgbhが基準より大きいのため前回計測忘れの疑い,アコウザンショウは成長が速いので，そのままにしている
OW-EB1,1962,gbh11=na; gbh16=33.5,新規加入個体だが、加入時のgbhが基準より大きいのため前回計測忘れの疑い,ウラジロエノキは成長が速いので，そのままにしている
OW-EB1,3108,gbh11=na; gbh16=36.9,新規加入個体だが、加入時のgbhが基準より大きいのため前回計測忘れの疑い,ヘゴは木生シダで稚樹のときから直径が大きいため，そのままにしている
OW-EB1,3127,gbh11=na; gbh16=39.4,新規加入個体だが、加入時のgbhが基準より大きいのため前回計測忘れの疑い,マルハチは木生シダで稚樹のときから直径が大きいため，そのままにしている
OW-EB1,3164,gbh11=na; gbh16=50.5,新規加入個体だが、加入時のgbhが基準より大きいのため前回計測忘れの疑い,マルハチは木生シダで稚樹のときから直径が大きいため，そのままにしている
OW-EB1,3168,gbh11=na; gbh16=36.5,新規加入個体だが、加入時のgbhが基準より大きいのため前回計測忘れの疑い,マルハチは木生シダで稚樹のときから直径が大きいため，そのままにしている
OW-EB1,3307,gbh11=na; gbh16=46.7,新規加入個体だが、加入時のgbhが基準より大きいのため前回計測忘れの疑い,マルハチは木生シダで稚樹のときから直径が大きいため，そのままにしている
OW-EB1,3338,gbh16,成長量が基準値より大きい。測定ミス？,ウラジロエノキは成長が速いので，そのままにしている
OW-EB1,7210,gbh06=na; gbh11=33,新規加入個体だが、加入時のgbhが基準より大きいのため前回計測忘れの疑い,note11に「元ナンバーあり」となっているが，あてはまる個体が見つからなかったため，そのままにしている
OW-EB1,7371,gbh06=na; gbh11=35.7,新規加入個体だが、加入時のgbhが基準より大きいのため前回計測忘れの疑い,アカギは成長が速いので，そのままにしている
OW-EB1,7597,gbh06=na; gbh11=38,新規加入個体だが、加入時のgbhが基準より大きいのため前回計測忘れの疑い,アカギは成長が速いので，そのままにしている
OW-EB1,7719,gbh06=na; gbh11=32.5,新規加入個体だが、加入時のgbhが基準より大きいのため前回計測忘れの疑い,アカギは成長が速いので，そのままにしている
OW-EB1,8002,gbh06=na; gbh11=35.2,新規加入個体だが、加入時のgbhが基準より大きいのため前回計測忘れの疑い,シマホルトノキは成長が速いので，そのままにしている
OW-EB1,8290,gbh06=na; gbh11=33,新規加入個体だが、加入時のgbhが基準より大きいのため前回計測忘れの疑い,アカギは成長が速いので，そのままにしている
OW-EB1,8309,gbh06=na; gbh11=31.3,新規加入個体だが、加入時のgbhが基準より大きいのため前回計測忘れの疑い,問題なし
OW-EB1,8333,gbh16,成長量が基準値より大きい。測定ミス？,ウラジロエノキは成長が速いので，そのままにしている
OW-EB1,8338,gbh16,成長量が基準値より大きい。測定ミス？,ウラジロエノキは成長が速いので，そのままにしている
OW-EB1,8345,gbh16,成長量が基準値より大きい。測定ミス？,ウラジロエノキは成長が速いので，そのままにしている
OW-EB1,8345,gbh06=na; gbh11=44.2,新規加入個体だが、加入時のgbhが基準より大きいのため前回計測忘れの疑い,ウラジロエノキは成長が速いので，そのままにしている
OW-EB1,8539,gbh16,成長量が基準値より大きい。測定ミス？,アカギは成長が速いので，そのままにしている
OW-EB1,8548,gbh06=na; gbh11=34,新規加入個体だが、加入時のgbhが基準より大きいのため前回計測忘れの疑い,アカギは成長が速いので，そのままにしている
OW-EB1,8645,gbh06=na; gbh11=35,新規加入個体だが、加入時のgbhが基準より大きいのため前回計測忘れの疑い,本個体は急速に成長していることから，そのままにしている
OW-EB1,8652,gbh06=na; gbh11=34,新規加入個体だが、加入時のgbhが基準より大きいのため前回計測忘れの疑い,アカギは成長が速いので，そのままにしている
OW-EB1,8727,gbh16,成長量が基準値より大きい。測定ミス？,ウラジロエノキは成長が速いので，そのままにしている
OW-EB1,8727,gbh06=na; gbh11=36.5,新規加入個体だが、加入時のgbhが基準より大きいのため前回計測忘れの疑い,ウラジロエノキは成長が速いので，そのままにしている
OW-EB1,8729,gbh06=na; gbh11=34.3,新規加入個体だが、加入時のgbhが基準より大きいのため前回計測忘れの疑い,ウラジロエノキは成長が速いので，そのままにしている
OW-EB1,8733,gbh16,成長量が基準値より大きい。測定ミス？,ウラジロエノキは成長が速いので，そのままにしている
OW-EB1,8733,gbh06=na; gbh11=43,新規加入個体だが、加入時のgbhが基準より大きいのため前回計測忘れの疑い,ウラジロエノキは成長が速いので，そのままにしている
OW-EB1,8751,gbh16,成長量が基準値より大きい。測定ミス？,ウラジロエノキは成長が速いので，そのままにしている
OW-EB1,8753,gbh16,成長量が基準値より大きい。測定ミス？,ウラジロエノキは成長が速いので，そのままにしている
OW-EB1,8756,gbh06=na; gbh11=47.8,新規加入個体だが、加入時のgbhが基準より大きいのため前回計測忘れの疑い,ウラジロエノキは成長が速いので，そのままにしている
OW-EB1,8996,gbh16,成長量が基準値より大きい。測定ミス？,ウラジロエノキは成長が速いので，そのままにしている
OW-EB1,9105,gbh16,成長量が基準値より大きい。測定ミス？,ウラジロエノキは成長が速いので，そのままにしている
OW-EB1,9105,gbh06=na; gbh11=33.2,新規加入個体だが、加入時のgbhが基準より大きいのため前回計測忘れの疑い,ウラジロエノキは成長が速いので，そのままにしている
OW-EB1,1104_1,gbh11=na; gbh16=37,新規加入個体だが、加入時のgbhが基準より大きいのため前回計測忘れの疑い,シマホルトノキは成長が速いので，そのままにしている
OW-EB1,1110_2,gbh11,成長量が基準値より大きい。測定ミス？,ウドノキは成長が速いので，そのままにしている
OW-EB1,1115_2,gbh16,成長量が基準値より大きい。測定ミス？,ウラジロエノキは成長が速いので，そのままにしている
OW-EB1,1126_1,gbh11=na; gbh16=47.5,新規加入個体だが、加入時のgbhが基準より大きいのため前回計測忘れの疑い,マルハチは木生シダで稚樹のときから直径が大きいため，そのままにしている
OW-EB1,1129_2,gbh16,成長量が基準値より大きい。測定ミス？,シマホルトノキは成長が速いので，そのままにしている
OW-EB1,1138_2,gbh11=na; gbh16=38,新規加入個体だが、加入時のgbhが基準より大きいのため前回計測忘れの疑い,マルハチは木生シダで稚樹のときから直径が大きいため，そのままにしている
OW-EB1,1140_1,gbh11=na; gbh16=44.3,新規加入個体だが、加入時のgbhが基準より大きいのため前回計測忘れの疑い,マルハチは木生シダで稚樹のときから直径が大きいため，そのままにしている
OW-EB1,1142_1,gbh16,成長量が基準値より大きい。測定ミス？,ウラジロエノキは成長が速いので，そのままにしている
OW-EB1,1142_1,gbh06=na; gbh11=33.3,新規加入個体だが、加入時のgbhが基準より大きいのため前回計測忘れの疑い,ウラジロエノキは成長が速いので，そのままにしている
OW-EB1,1144_2,gbh06=na; gbh11=33,新規加入個体だが、加入時のgbhが基準より大きいのため前回計測忘れの疑い,オオバシロテツは成長が速いので，そのままにしている
OW-EB1,1145_1,gbh11=na; gbh16=32.5,新規加入個体だが、加入時のgbhが基準より大きいのため前回計測忘れの疑い,マルハチは木生シダで稚樹のときから直径が大きいため，そのままにしている
OW-EB1,1148_1,gbh11=na; gbh16=50,新規加入個体だが、加入時のgbhが基準より大きいのため前回計測忘れの疑い,マルハチは木生シダで稚樹のときから直径が大きいため，そのままにしている
OW-EB1,1149_1,gbh11=na; gbh16=42,新規加入個体だが、加入時のgbhが基準より大きいのため前回計測忘れの疑い,マルハチは木生シダで稚樹のときから直径が大きいため，そのままにしている
OW-EB1,1888_2,gbh11=na; gbh16=36.2,新規加入個体だが、加入時のgbhが基準より大きいのため前回計測忘れの疑い,萌芽が成長したものであり，そのままにしている
OW-EB1,7323_1,gbh11=na; gbh16=31.8,新規加入個体だが、加入時のgbhが基準より大きいのため前回計測忘れの疑い,問題なし
OW-EB1,7328_1,gbh16,成長量が基準値より大きい。測定ミス？,ウラジロエノキは成長が速いので，そのままにしている
OW-EB1,7328_1,gbh06=na; gbh11=39,新規加入個体だが、加入時のgbhが基準より大きいのため前回計測忘れの疑い,ウラジロエノキは成長が速いので，そのままにしている
OW-EB1,7329_1,gbh11=na; gbh16=49.7,新規加入個体だが、加入時のgbhが基準より大きいのため前回計測忘れの疑い,マルハチは木生シダで稚樹のときから直径が大きいため，そのままにしている
OW-EB1,7330_1,gbh11=na; gbh16=58,新規加入個体だが、加入時のgbhが基準より大きいのため前回計測忘れの疑い,マルハチは木生シダで稚樹のときから直径が大きいため，そのままにしている
OW-EB1,7331_1,gbh11=na; gbh16=41.4,新規加入個体だが、加入時のgbhが基準より大きいのため前回計測忘れの疑い,マルハチは木生シダで稚樹のときから直径が大きいため，そのままにしている
OW-EB1,7337_1,gbh16,成長量が基準値より大きい。測定ミス？,シマホルトノキは成長が速いので，そのままにしている
OW-EB1,7338_1,gbh11=na; gbh16=51.8,新規加入個体だが、加入時のgbhが基準より大きいのため前回計測忘れの疑い,マルハチは木生シダで稚樹のときから直径が大きいため，そのままにしている
OW-EB1,7339_1,gbh11=na; gbh16=42.8,新規加入個体だが、加入時のgbhが基準より大きいのため前回計測忘れの疑い,マルハチは木生シダで稚樹のときから直径が大きいため，そのままにしている
OW-EB1,7517_2,gbh11=na; gbh16=37.2,新規加入個体だが、加入時のgbhが基準より大きいのため前回計測忘れの疑い,マルハチは木生シダで稚樹のときから直径が大きいため，そのままにしている
OW-EB1,7521_1,gbh06=na; gbh11=31.5,新規加入個体だが、加入時のgbhが基準より大きいのため前回計測忘れの疑い,問題なし
OW-EB1,7522_2,gbh16,成長量が基準値より大きい。測定ミス？,ウラジロエノキは成長が速いので，そのままにしている
OW-EB1,7523_1,gbh11=na; gbh16=35.2,新規加入個体だが、加入時のgbhが基準より大きいのため前回計測忘れの疑い,ヘゴは木生シダで稚樹のときから直径が大きいため，そのままにしている
OW-EB1,7524_1,gbh06=na; gbh11=55,新規加入個体だが、加入時のgbhが基準より大きいのため前回計測忘れの疑い,マルハチは木生シダで稚樹のときから直径が大きいため，そのままにしている
OW-EB1,7530_1,gbh16,成長量が基準値より大きい。測定ミス？,ウラジロエノキは成長が速いので，そのままにしている
OW-EB1,7538_1,gbh16,成長量が基準値より大きい。測定ミス？,ウラジロエノキは成長が速いので，そのままにしている
OW-EB1,7542_1,gbh11=na; gbh16=33.4,新規加入個体だが、加入時のgbhが基準より大きいのため前回計測忘れの疑い,シマホルトノキは成長が速いので，そのままにしている
OW-EB1,7543_1,gbh11=na; gbh16=33,新規加入個体だが、加入時のgbhが基準より大きいのため前回計測忘れの疑い,シマホルトノキは成長が速いので，そのままにしている
OW-EB1,EE4889,gbh06=na; gbh11=31.6,新規加入個体だが、加入時のgbhが基準より大きいのため前回計測忘れの疑い,問題なし
OW-EB1,EG1102,gbh11,成長量が基準値より大きい。測定ミス？,シマホルトノキは成長が速いので，そのままにしている
OW-EB1,EG1102,gbh16,成長量が基準値より大きい。測定ミス？,シマホルトノキは成長が速いので，そのままにしている
OW-EB1,EG3403,gbh16,成長量が基準値より小さい。測定ミス？,問題なし
OW-EB1,EG3408,gbh16,成長量が基準値より大きい。測定ミス？,シマホルトノキは成長が速いので，そのままにしている
OW-EB1,EG3435,gbh16,成長量が基準値より大きい。測定ミス？,シマホルトノキは成長が速いので，そのままにしている
OW-EB1,EG3489,gbh11,成長量が基準値より大きい。測定ミス？,アカギは成長が速いので，そのままにしている
OW-EB1,EG3576,gbh16,成長量が基準値より大きい。測定ミス？,問題なし
OW-EB1,EG3578,gbh11,成長量が基準値より大きい。測定ミス？,アカギは成長が速いので，そのままにしている
OW-EB1,EG3589,gbh16,成長量が基準値より大きい。測定ミス？,シマホルトノキは成長が速いので，そのままにしている
OW-EB1,EG3591,gbh16,成長量が基準値より大きい。測定ミス？,シマホルトノキは成長が速いので，そのままにしている
OW-EB1,EG3608,gbh16,成長量が基準値より小さい。測定ミス？,問題なし
OW-EB1,EG3611,gbh16,成長量が基準値より大きい。測定ミス？,シマホルトノキは成長が速いので，そのままにしている
OW-EB1,EG3621,gbh16,成長量が基準値より小さい。測定ミス？,問題なし
OW-EB1,EG3622,gbh11,成長量が基準値より大きい。測定ミス？,アカギは成長が速いので，そのままにしている
OW-EB1,EG3635,gbh16,成長量が基準値より小さい。測定ミス？,問題なし
OW-EB1,EG3652,gbh11,成長量が基準値より大きい。測定ミス？,アカギは成長が速いので，そのままにしている
OW-EB1,EG3663,gbh16,成長量が基準値より大きい。測定ミス？,シマホルトノキは成長が速いので，そのままにしている
OW-EB1,EG3725,gbh16,成長量が基準値より大きい。測定ミス？,シマホルトノキは成長が速いので，そのままにしている
OW-EB1,EG3767,gbh16,成長量が基準値より大きい。測定ミス？,シマホルトノキは成長が速いので，そのままにしている
OW-EB1,EG3947,gbh11,成長量が基準値より大きい。測定ミス？,アカギは成長が速いので，そのままにしている
OW-EB1,EG4439,gbh16,成長量が基準値より大きい。測定ミス？,ウドノキは成長が速いので，そのままにしている
OW-EB1,EG4463,gbh11,成長量が基準値より大きい。測定ミス？,アカギは成長が速いので，そのままにしている
OW-EB1,EG4486,gbh16,成長量が基準値より大きい。測定ミス？,シマホルトノキは成長が速いので，そのままにしている
OW-EB1,EG4487,gbh16,成長量が基準値より大きい。測定ミス？,シマホルトノキは成長が速いので，そのままにしている
OW-EB1,EG4494,gbh11,成長量が基準値より大きい。測定ミス？,アカギは成長が速いので，そのままにしている
OW-EB1,EG4495,gbh16,成長量が基準値より大きい。測定ミス？,シマホルトノキは成長が速いので，そのままにしている
OW-EB1,EG4496,gbh11,成長量が基準値より大きい。測定ミス？,アカギは成長が速いので，そのままにしている
OW-EB1,EG4600,gbh16,成長量が基準値より大きい。測定ミス？,モンテンボクは成長が速いので，そのままにしている
OW-EB1,EG4700,gbh16,成長量が基準値より大きい。測定ミス？,シマホルトノキは成長が速いので，そのままにしている
OW-EB1,EG4709,gbh06=na; gbh11=31.7,新規加入個体だが、加入時のgbhが基準より大きいのため前回計測忘れの疑い,問題なし
OW-EB1,EG4715,gbh16,成長量が基準値より大きい。測定ミス？,シマホルトノキは成長が速いので，そのままにしている
OW-EB1,EG4721,gbh16,成長量が基準値より大きい。測定ミス？,シマホルトノキは成長が速いので，そのままにしている
OW-EB1,EG4727,gbh16,成長量が基準値より大きい。測定ミス？,シマホルトノキは成長が速いので，そのままにしている
OW-EB1,EG4762,gbh11,成長量が基準値より大きい。測定ミス？,アカギは成長が速いので，そのままにしている
OW-EB1,EG4788,gbh11,成長量が基準値より大きい。測定ミス？,シマホルトノキは成長が速いので，そのままにしている
OW-EB1,EG4788,gbh16,成長量が基準値より大きい。測定ミス？,シマホルトノキは成長が速いので，そのままにしている
OW-EB1,EG4817,gbh16,成長量が基準値より大きい。測定ミス？,問題なし
OW-EB1,EG4824,gbh16,成長量が基準値より大きい。測定ミス？,シマホルトノキは成長が速いので，そのままにしている
OW-EB1,EG4859,gbh11,成長量が基準値より大きい。測定ミス？,シマホルトノキは成長が速いので，そのままにしている
OW-EB1,EG5057,gbh16,成長量が基準値より大きい。測定ミス？,シマホルトノキは成長が速いので，そのままにしている
OW-EB1,EG5075,gbh16,前年まで生存。枯死？,問題なし
OW-EB1,EG5079,gbh16,成長量が基準値より大きい。測定ミス？,シマホルトノキは成長が速いので，そのままにしている
OW-EB1,EG5097,gbh16,成長量が基準値より大きい。測定ミス？,オオバシロテツは成長が速いので，そのままにしている
OW-EB1,EG5135,gbh11,成長量が基準値より大きい。測定ミス？,アカギは成長が速いので，そのままにしている
OW-EB1,EG5139,gbh16,成長量が基準値より大きい。測定ミス？,シマホルトノキは成長が速いので，そのままにしている
OW-EB1,EG5224,gbh06=na; gbh11=50.3,新規加入個体だが、加入時のgbhが基準より大きいのため前回計測忘れの疑い,アカギは成長が速いので，そのままにしている
OW-EB1,EG5246,gbh16,成長量が基準値より大きい。測定ミス？,ウドノキは成長が速いので，そのままにしている
OW-EB1,EG5337,gbh16,成長量が基準値より大きい。測定ミス？,シマホルトノキは成長が速いので，そのままにしている
OW-EB1,EG5409,gbh16,成長量が基準値より大きい。測定ミス？,シマホルトノキは成長が速いので，そのままにしている
OW-EB1,EG5491,gbh16,成長量が基準値より大きい。測定ミス？,アカギは成長が速いので，そのままにしている
OW-EB1,L126,gbh11,成長量が基準値より大きい。測定ミス？,ウドノキは成長が速いため，そのままにしている
OW-EB1,L155,gbh16,成長量が基準値より大きい。測定ミス？,シマホルトノキは成長が速いので，そのままにしている
OW-EB1,L161,gbh11,成長量が基準値より大きい。測定ミス？,アカギは成長が速いので，そのままにしている
OW-EB1,L215,gbh11,成長量が基準値より大きい。測定ミス？,アカギは成長が速いので，そのままにしている
OW-EB1,L229,gbh11,成長量が基準値より大きい。測定ミス？,アカギは成長が速いので，そのままにしている
OW-EB1,L237,gbh11,成長量が基準値より大きい。測定ミス？,アカギは成長が速いので，そのままにしている
OW-EB1,temp532,gbh06=na; gbh11=34,新規加入個体だが、加入時のgbhが基準より大きいのため前回計測忘れの疑い,問題なし
TA-EC1,aS_2032,gbh08=na で gbh13=123,新規加入個体だが、「当年のgbhは22cm以上＆前年はna」のため前年計測忘れの疑い,プロット拡張により追加
TA-EC1,aS_2033,gbh08=na で gbh13=213.9,新規加入個体だが、「当年のgbhは22cm以上＆前年はna」のため前年計測忘れの疑い,プロット拡張により追加
TA-EC1,aS_2035,gbh08=na で gbh13=45,新規加入個体だが、「当年のgbhは22cm以上＆前年はna」のため前年計測忘れの疑い,プロット拡張により追加
TN-EB1,3422,gbh18,成長量が基準値より大きい、測定間違い？,測定間違いではない
TZ-DB1,15_J1,gbh18,成長量が基準値より小さい、測定間違い？,動物による樹皮剥ぎの為gbh18減少　イキ (正常値）
TZ-DB1,370_E7,gbh18,成長量が基準値より小さい、測定間違い？,樹皮剥ぎの為gbh18減少　イキ(正常値）
TZ-DB1,C244_C9,gbh13,成長量が基準値より小さい、測定間違い？,樹皮剥ぎの為gbh13減少 イキ(正常値）
UR-BC1,10,gbh18,成長量が基準値より小さい。測定ミス？,gbh18のndを取り、gbh17のndをcdに
UR-BC1,81,gbh13,成長量が基準値より小さい。測定ミス？,gbh13で先折れ、gbh18で枯死とあるのでdを付加
UR-BC1,312,gbh12,成長量が基準値より小さい。測定ミス？,枯死寸前のため問題なし
UR-BC1,422,gbh17,誤って「nd: 測定間違い」となっている可能性あり,
UR-BC1,471,gbh11,誤って「nd: 測定間違い」となっている可能性あり,gbh11から倒れているため測定位置変更の可能性あり。gbh12-14をndに
UR-BC1,471,gbh12,誤って「nd: 測定間違い」となっている可能性あり,gbh11から倒れているため測定位置変更の可能性あり。gbh12-14をndに
UR-BC1,473,gbh18,成長量が基準値より小さい。測定ミス？,gbh17で測定位置変更
UR-BC1,676,gbh14,成長量が基準値より小さい。測定ミス？,つる外し
WK-EC1,A285,gbh16,誤って「nd: 測定間違い」となっている可能性あり,問題なし
WK-EC1,A285,gbh17,誤って「nd: 測定間違い」となっている可能性あり,
WK-EC1,A506,gbh14,誤って「nd: 測定間違い」となっている可能性あり,問題なし
WK-EC1,A506,gbh15,誤って「nd: 測定間違い」となっている可能性あり,問題なし
WK-EC1,B101,gbh11,誤って「nd: 測定間違い」となっている可能性あり,問題なし
WK-EC1,B101,gbh12,誤って「nd: 測定間違い」となっている可能性あり,問題なし
WK-EC1,B101,gbh13,誤って「nd: 測定間違い」となっている可能性あり,問題なし
YK-EB1,A154,gbh13,成長量が基準値より大きい、測定間違い？,修正なし。近年の成長もそれくらいある
YK-EB1,A218,gbh13,成長量が基準値より大きい、測定間違い？,修正なし。近年の成長もそれくらいある
YK-EB1,A218,gbh18,成長量が基準値より大きい、測定間違い？,修正なし。近年の成長もそれくらいある
YK-EB1,A277,gbh13,成長量が基準値より大きい、測定間違い？,修正なし。この種ならそれくらいの成長もありうる
YK-EB1,A277,gbh18,成長量が基準値より大きい、測定間違い？,修正なし。この種ならそれくらいの成長もありうる
YK-EB1,A475,gbh13,成長量が基準値より大きい、測定間違い？,修正なし。近年の成長もそれくらいある
YK-EB1,A478,gbh18,成長量が基準値より大きい、測定間違い？,野帳のgbh18の値が大きすぎるようだが、正確なデータはないので未修正（野帳のまま）
YK-EB1,A493,gbh18,成長量が基準値より大きい、測定間違い？,修正なし。この種ならそれくらいの成長もありうる
YK-EB1,G23,gbh10=na で gbh13=27,新規加入個体だが、「当年のgbhは22cm以上＆前年はna」のため前年計測忘れの疑い,前年計測忘れの可能性高いが、何年にDBH>5cmになったかデータがないのでそのまま
YK-EB1,G394,gbh18,成長量が基準値より大きい、測定間違い？,野帳のgbh18の値が大きすぎるようだが、正確なデータはないので未修正（野帳のまま）
YK-EB1,G747,gbh18,成長量が基準値より大きい、測定間違い？,野帳のgbh18の値が大きすぎるようだが、正確なデータはないので未修正（野帳のまま）
YK-EB1,H435,gbh18,成長量が基準値より大きい、測定間違い？,gbh18はアコウ込みで測定のため過大。note18にその旨記載があるのでデータはそのまま。
YK-EB1,H490,gbh13,成長量が基準値より小さい、測定間違い？,野帳のgbh10の値が大きすぎるようだが、正確なデータはないので未修正（野帳のまま）
YK-EB1,M571,gbh18,成長量が基準値より小さい、測定間違い？,野帳のgbh18の値が過小のようだが、正確なデータはないので未修正（野帳のまま）
YK-EB1,N141,gbh18,成長量が基準値より大きい、測定間違い？,野帳のgbh18の値が大きすぎるようだが、正確なデータはないので未修正（野帳のまま）
YK-EB1,N457,gbh18,成長量が基準値より大きい、測定間違い？,gbh18の値が大きすぎるようだが、正確なデータはないので未修正（野帳のまま）
YK-EB1,Q101,gbh18,成長量が基準値より小さい、測定間違い？,野帳のgbh18の値が過小のようだが、正確なデータはないので未修正（野帳のまま）
YK-EB1,Q915,gbh18,成長量が基準値より小さい、測定間違い？,野帳のgbh18の値が過小のようだが、正確なデータはないので未修正（野帳のまま）
YK-EB1,R484,gbh18,成長量が基準値より大きい、測定間違い？,野帳のgbh18の値が大きすぎるようだが、正確なデータはないので未修正（野帳のまま）
YK-EB1,R486,gbh18,成長量が基準値より大きい、測定間違い？,野帳のgbh18の値が大きすぎるようだが、正確なデータはないので未修正（野帳のまま）
YK-EB1,R935,gbh13,成長量が基準値より大きい、測定間違い？,修正なし。近年の成長もそれくらいある
YN-EB1,B645,gbh18,誤って「測定間違い」となっている可能性あり,問題なし
YN-EB1,B777,gbh16,成長量が基準値より大きい、測定間違い？,測定値にndを付記
YN-EB1,C285,gbh18,誤って「測定間違い」となっている可能性あり,問題なし
YN-EB1,C311,gbh18,誤って「測定間違い」となっている可能性あり,問題なし
YN-EB1,C498,gbh18,誤って「測定間違い」となっている可能性あり,問題なし
YN-EB1,C529,gbh18,誤って「測定間違い」となっている可能性あり,問題なし
YN-EB1,C575,gbh18,誤って「測定間違い」となっている可能性あり,問題なし
YN-EB1,C576,gbh18,誤って「測定間違い」となっている可能性あり,問題なし
YN-EB1,D255,stem_x y,測定値がない,2007年度枯死のため不明
YN-EB1,D256,stem_x y,測定値がない,2007年度枯死のため不明
YN-EB1,D728,gbh18,誤って「測定間違い」となっている可能性あり,問題なし
YN-EB1,E145,gbh18,誤って「測定間違い」となっている可能性あり,問題なし
YN-EB1,E148,gbh18,誤って「測定間違い」となっている可能性あり,問題なし
TM-DB1,427,gbh08,誤って「nd: 測定間違い」となっている可能性あり,問題なし
TM-DB1,445,gbh07,誤って「nd: 測定間違い」となっている可能性あり,問題なし
TM-DB1,3076,gbh09,誤って「nd: 測定間違い」となっている可能性あり,問題なし
TM-DB1,3157,gbh07,誤って「nd: 測定間違い」となっている可能性あり,問題なし
TM-DB1,3157,gbh06,誤って「nd: 測定間違い」となっている可能性あり,問題なし
AY-EB1,5693,gbh09,成長量が基準値より大きい。測定ミス？,ok
AY-EB1,5929,gbh05,成長量が基準値より大きい。測定ミス？,ok
AY-EB1,6176,gbh17,誤って「nd: 測定間違い」となっている可能性あり,ok
AY-EB1,7203,gbh12=na; gbh13=26.7,新規加入個体だが、加入時のgbhが基準より大きいのため前回計測忘れの疑い,ok
AY-EB1,7203,gbh15,成長量が基準値より大きい。測定ミス？,ok
AY-EB1,7203,gbh14,成長量が基準値より大きい。測定ミス？,ok
AY-EB1,3208,gbh18,誤って「nd: 測定間違い」となっている可能性あり,ok
AY-EB1,3221,gbh09,誤って「nd: 測定間違い」となっている可能性あり,ok
AY-EB1,3442,gbh09,誤って「nd: 測定間違い」となっている可能性あり,ok
AY-EB1,3859,gbh13,誤って「nd: 測定間違い」となっている可能性あり,ok
AY-EB1,3875,gbh17,誤って「nd: 測定間違い」となっている可能性あり,ok
AY-EB1,4076,gbh17,誤って「nd: 測定間違い」となっている可能性あり,ok
AY-EB1,4627,gbh15,誤って「nd: 測定間違い」となっている可能性あり,ok
SI-DB1,,イタヤカエデ/エンコウカエデ,同種が2つの名前で入力,エンコウカエデは鋸歯が細長く延びるもの、イタヤカデはそうでないものとして分類。ただし連続的である。（榎木さんに確認）
OY-DB1,207,gbh09,誤って「nd: 測定間違い」となっている可能性あり,ok
OY-DB1,207,gbh10,誤って「nd: 測定間違い」となっている可能性あり,ok
OY-DB1,227,gbh16,誤って「nd: 測定間違い」となっている可能性あり,ok
OY-DB1,279,gbh17,誤って「nd: 測定間違い」となっている可能性あり,ok
OY-DB1,286,gbh17,誤って「nd: 測定間違い」となっている可能性あり,ok
OY-DB1,286,gbh16,誤って「nd: 測定間違い」となっている可能性あり,ok
OY-DB1,32,gbh12,誤って「nd: 測定間違い」となっている可能性あり,ok
OY-DB1,361,gbh09,誤って「nd: 測定間違い」となっている可能性あり,ok
OY-DB1,361,gbh10,誤って「nd: 測定間違い」となっている可能性あり,ok
OY-DB1,46,gbh16,誤って「nd: 測定間違い」となっている可能性あり,ok
OY-DB1,500,gbh09,誤って「nd: 測定間違い」となっている可能性あり,ok
OY-DB1,93,gbh09,誤って「nd: 測定間違い」となっている可能性あり,ok
OY-DB1,93,gbh10,誤って「nd: 測定間違い」となっている可能性あり,ok
CC-AT1,A-A-2,gbh19,成長量が基準値より大きい。測定ミス？,問題なし
CC-AT1,B-B-154,gbh19,成長量が基準値より小さい。測定ミス？,問題なし
CC-AT1,B-B-16,gbh14,成長量が基準値より大きい。測定ミス？,問題なし
CC-AT1,B-B-191,gbh19,成長量が基準値より大きい。測定ミス？,問題なし
CC-AT1,B-B-192,gbh14,成長量が基準値より大きい。測定ミス？,問題なし
CC-AT1,B-B-209,gbh19,成長量が基準値より大きい。測定ミス？,問題なし
CC-AT1,B-B-213,gbh09,成長量が基準値より大きい。測定ミス？,問題なし
CC-AT1,B-B-213,gbh19,成長量が基準値より大きい。測定ミス？,問題なし
CC-AT1,B-B-387,gbh19,成長量が基準値より大きい。測定ミス？,問題なし
CC-AT1,B-B-387,gbh14,成長量が基準値より大きい。測定ミス？,問題なし
CC-AT1,B-B-402,gbh19,成長量が基準値より大きい。測定ミス？,問題なし
CC-AT1,B-B-439,gbh19,成長量が基準値より大きい。測定ミス？,問題なし
CC-AT1,B-B-48,gbh19,成長量が基準値より大きい。測定ミス？,問題なし
CC-AT1,C-C-11,gbh19,成長量が基準値より小さい。測定ミス？,問題なし
CC-AT1,C-C-17,gbh09,成長量が基準値より大きい。測定ミス？,問題なし
CC-AT1,C-C-198,gbh14,成長量が基準値より大きい。測定ミス？,問題なし
CC-AT1,C-C-23,gbh19,成長量が基準値より大きい。測定ミス？,問題なし
CC-AT1,C-C-248,gbh09,成長量が基準値より大きい。測定ミス？,問題なし
CC-AT1,C-C-256,gbh19,成長量が基準値より小さい。測定ミス？,問題なし
CC-AT1,C-C-267,gbh19,成長量が基準値より小さい。測定ミス？,問題なし
CC-AT1,C-C-28,gbh09,成長量が基準値より大きい。測定ミス？,問題なし
CC-AT1,C-C-317,gbh19,成長量が基準値より小さい。測定ミス？,問題なし
CC-AT1,C-C-34,gbh19,成長量が基準値より大きい。測定ミス？,問題なし
CC-AT1,C-C-352,gbh09,成長量が基準値より大きい。測定ミス？,問題なし
CC-AT1,C-C-352,gbh19,成長量が基準値より大きい。測定ミス？,問題なし
CC-AT1,C-C-355,gbh09,成長量が基準値より大きい。測定ミス？,問題なし
CC-AT1,C-C-389,gbh14,成長量が基準値より大きい。測定ミス？,問題なし
CC-AT1,C-C-432,gbh09,成長量が基準値より大きい。測定ミス？,問題なし
CC-AT1,C-C-432,gbh19,成長量が基準値より大きい。測定ミス？,問題なし
CC-AT1,C-C-457,gbh19,成長量が基準値より大きい。測定ミス？,問題なし
CC-AT1,C-C-499,gbh14,成長量が基準値より大きい。測定ミス？,問題なし
CC-AT1,C-C-510,gbh09,成長量が基準値より大きい。測定ミス？,問題なし
CC-AT1,C-C-510,gbh14,成長量が基準値より大きい。測定ミス？,問題なし
IC-BC1,,indv_no,indv_noが空白またはna,
IC-BC1,1025,gbh19,成長量が基準値より大きい。測定ミス？,ok（ただし測定ミスの可能性はある）
IC-BC1,1527,gbh06,誤って「nd: 測定間違い」となっている可能性あり,問題なし
IC-BC1,47,gbh10,誤って「nd: 測定間違い」となっている可能性あり,問題なし
KM-DB1,2393A_89,gbh15,成長量が基準値より大きい。測定ミス？,問題なし（コメント124行目：以前にも対処）
KM-DB1,2393A_89,gbh19,成長量が基準値より大きい。測定ミス？,問題なし（念の為2020年調査で確認します）
KM-DB1,2904A_89,gbh08,成長量が基準値より大きい。測定ミス？,問題なし（コメント36行目：以前にも対処）
KY-DB1,A0070,gbh11,誤って「nd: 測定間違い」となっている可能性あり,問題なし。樹皮剥がれ
KY-DB1,A0070,gbh12,誤って「nd: 測定間違い」となっている可能性あり,問題なし。樹皮剥がれ
KY-DB1,A0070,gbh13,誤って「nd: 測定間違い」となっている可能性あり,問題なし。樹皮剥がれ
KY-DB1,A0070,gbh14,誤って「nd: 測定間違い」となっている可能性あり,問題なし。樹皮剥がれ
KY-DB1,A0070,gbh15,誤って「nd: 測定間違い」となっている可能性あり,問題なし。樹皮剥がれ
KY-DB1,A0113,gbh17,誤って「nd: 測定間違い」となっている可能性あり,問題なし。樹皮剥がれ
KY-DB1,A0493,gbh17,誤って「nd: 測定間違い」となっている可能性あり,問題なし
OT-EC1,B0003,gbh09,誤って「nd: 測定間違い」となっている可能性あり,
OT-EC1,B0045,gbh17,誤って「nd: 測定間違い」となっている可能性あり,
OT-EC1,B0163,gbh17,誤って「nd: 測定間違い」となっている可能性あり,
OT-EC1,B0199,gbh16,誤って「nd: 測定間違い」となっている可能性あり,
OT-EC1,B0291,gbh17,誤って「nd: 測定間違い」となっている可能性あり,
OT-EC1,B0465,gbh18,誤って「nd: 測定間違い」となっている可能性あり,
OT-EC1,B0473,gbh16,誤って「nd: 測定間違い」となっている可能性あり,
OT-EC1,B0480,gbh17,誤って「nd: 測定間違い」となっている可能性あり,
OT-EC1,B0480,gbh12,誤って「nd: 測定間違い」となっている可能性あり,
OT-EC1,B0480,gbh13,誤って「nd: 測定間違い」となっている可能性あり,
OT-EC1,B0480,gbh14,誤って「nd: 測定間違い」となっている可能性あり,
OT-EC1,B0480,gbh15,誤って「nd: 測定間違い」となっている可能性あり,
OT-EC1,B0480,gbh16,誤って「nd: 測定間違い」となっている可能性あり,
OT-EC1,B0481,gbh17,誤って「nd: 測定間違い」となっている可能性あり,
OT-EC1,B0481,gbh16,誤って「nd: 測定間違い」となっている可能性あり,
OT-EC1,B0481,gbh15,誤って「nd: 測定間違い」となっている可能性あり,
OT-EC1,B0481,gbh12,誤って「nd: 測定間違い」となっている可能性あり,
OT-EC1,B0481,gbh13,誤って「nd: 測定間違い」となっている可能性あり,
OT-EC1,B0481,gbh14,誤って「nd: 測定間違い」となっている可能性あり,
OT-EC1,B0560,gbh18,誤って「nd: 測定間違い」となっている可能性あり,
OT-EC1,B0560,gbh15,誤って「nd: 測定間違い」となっている可能性あり,
OT-EC1,B0001,gbh14,成長量が基準値より大きい。測定ミス？,問題なし
SI-DB1,D504,gbh19,成長量が基準値より大きい。測定ミス？,問題なし。
SN-EC1,aS_134,gbh19,成長量が基準値より小さい。測定ミス？,問題なし
TM-DB1,524,gbh19,成長量が基準値より小さい。測定ミス？,問題なし
UR-BC1,21,"stem_xycord = ('nd21', '58.1')",stem_xycordの入力値が非数値,問題なし
UR-BC1,744,"mesh_xycord = ('-10', '80')",調査地に存在しないxy座標の組み合わせ,問題なし
UR-BC1,854,"mesh_xycord = ('-10', '90')",調査地に存在しないxy座標の組み合わせ,問題なし
TM-AT3,425,gbh16,成長量が基準値より大きい。測定ミス？,問題なし
TM-AT3,475,gbh16,成長量が基準値より小さい。測定ミス？,問題なし